,Airline,Date_of_journey,Departure,Arrival,Arr_time,Dep_time,Duration,Total_stops,Price
0,Air Asia,"Wed, 20 Oct 2021",New Delhi (DEL),Kolkata,"01:35
+ 1 day",18:40,6h 55m,1 Stop,"5,951"
1,Air Asia,"Wed, 20 Oct 2021",New Delhi (DEL),Kolkata,"01:40
+ 1 day",18:40,7h 00m,1 Stop,"5,951"
2,Air Asia,"Wed, 20 Oct 2021",New Delhi (DEL),Kolkata,"01:35
+ 1 day",16:15,9h 20m,1 Stop,"5,951"
3,Air Asia,"Wed, 20 Oct 2021",New Delhi (DEL),Kolkata,"01:40
+ 1 day",16:15,9h 25m,1 Stop,"5,951"
4,Air Asia,"Wed, 20 Oct 2021",New Delhi (DEL),Kolkata,21:20,08:00,13h 20m,1 Stop,"5,951"
5,Go First,"Wed, 20 Oct 2021",New Delhi (DEL),Kolkata,07:50,05:45,2h 05m,Non Stop,"5,954"
6,Go First,"Wed, 20 Oct 2021",New Delhi (DEL),Kolkata,16:10,11:20,4h 50m,1 Stop,"5,954"
7,Go First,"Wed, 20 Oct 2021",New Delhi (DEL),Kolkata,"09:35
+ 1 day",19:30,14h 05m,1 Stop,"5,954"
8,Go First,"Wed, 20 Oct 2021",New Delhi (DEL),Kolkata,19:55,05:45,14h 10m,1 Stop,"5,954"
9,Go First,"Wed, 20 Oct 2021",New Delhi (DEL),Kolkata,23:40,09:05,14h 35m,1 Stop,"5,954"
10,SpiceJet,"Wed, 20 Oct 2021",New Delhi (DEL),Kolkata,"13:50
+ 1 day",18:00,19h 50m,1 Stop,"5,954"
11,SpiceJet,"Wed, 20 Oct 2021",New Delhi (DEL),Kolkata,"16:50
+ 1 day",18:00,22h 50m,1 Stop,"5,954"
12,IndiGo,"Wed, 20 Oct 2021",New Delhi (DEL),Kolkata,19:50,14:20,5h 30m,1 Stop,"5,955"
13,IndiGo,"Wed, 20 Oct 2021",New Delhi (DEL),Kolkata,19:25,12:55,6h 30m,1 Stop,"5,955"
14,IndiGo,"Wed, 20 Oct 2021",New Delhi (DEL),Kolkata,12:25,05:25,7h 00m,1 Stop,"5,955"
15,IndiGo,"Wed, 20 Oct 2021",New Delhi (DEL),Kolkata,19:25,09:55,9h 30m,1 Stop,"5,955"
16,IndiGo,"Wed, 20 Oct 2021",New Delhi (DEL),Kolkata,19:50,08:55,10h 55m,1 Stop,"5,955"
17,Vistara,"Wed, 20 Oct 2021",New Delhi (DEL),Kolkata,08:20,06:20,2h 00m,Non Stop,"6,060"
18,Air Asia,"Wed, 20 Oct 2021",New Delhi (DEL),Kolkata,07:00,04:55,2h 05m,Non Stop,"6,060"
19,SpiceJet,"Wed, 20 Oct 2021",New Delhi (DEL),Kolkata,08:05,05:45,2h 20m,Non Stop,"6,060"
20,IndiGo,"Wed, 20 Oct 2021",New Delhi (DEL),Kolkata,08:15,06:05,2h 10m,Non Stop,"6,270"
21,Air Asia,"Wed, 20 Oct 2021",New Delhi (DEL),Kolkata,23:30,21:20,2h 10m,Non Stop,"6,270"
22,Air Asia,"Wed, 20 Oct 2021",New Delhi (DEL),Kolkata,"01:05
+ 1 day",16:05,9h 00m,1 Stop,"6,270"
23,SpiceJet,"Wed, 20 Oct 2021",New Delhi (DEL),Kolkata,12:45,05:55,6h 50m,1 Stop,"6,374"
24,IndiGo,"Wed, 20 Oct 2021",New Delhi (DEL),Kolkata,11:10,05:50,5h 20m,1 Stop,"6,443"
25,IndiGo,"Wed, 20 Oct 2021",New Delhi (DEL),Kolkata,"00:20
+ 1 day",22:15,2h 05m,Non Stop,"6,585"
26,IndiGo,"Wed, 20 Oct 2021",New Delhi (DEL),Kolkata,09:35,07:20,2h 15m,Non Stop,"6,585"
27,IndiGo,"Wed, 20 Oct 2021",New Delhi (DEL),Kolkata,04:50,02:45,2h 05m,Non Stop,"6,900"
28,IndiGo,"Wed, 20 Oct 2021",New Delhi (DEL),Kolkata,23:10,21:00,2h 10m,Non Stop,"6,900"
29,Air Asia,"Wed, 20 Oct 2021",New Delhi (DEL),Kolkata,21:40,19:25,2h 15m,Non Stop,"6,900"
30,IndiGo,"Wed, 20 Oct 2021",New Delhi (DEL),Kolkata,22:00,19:45,2h 15m,Non Stop,"6,900"
31,IndiGo,"Wed, 20 Oct 2021",New Delhi (DEL),Kolkata,19:30,13:35,5h 55m,1 Stop,"6,932"
32,IndiGo,"Wed, 20 Oct 2021",New Delhi (DEL),Kolkata,19:50,12:40,7h 10m,1 Stop,"6,932"
33,IndiGo,"Wed, 20 Oct 2021",New Delhi (DEL),Kolkata,23:45,18:10,5h 35m,1 Stop,"7,420"
34,IndiGo,"Wed, 20 Oct 2021",New Delhi (DEL),Kolkata,22:45,13:55,8h 50m,1 Stop,"7,420"
35,IndiGo,"Wed, 20 Oct 2021",New Delhi (DEL),Kolkata,19:50,17:30,2h 20m,Non Stop,"7,530"
36,Air India,"Wed, 20 Oct 2021",New Delhi (DEL),Kolkata,11:05,05:15,5h 50m,1 Stop,"7,635"
37,Go First,"Wed, 20 Oct 2021",New Delhi (DEL),Kolkata,23:05,21:00,2h 05m,Non Stop,"7,740"
38,Air Asia,"Wed, 20 Oct 2021",New Delhi (DEL),Kolkata,15:25,07:10,8h 15m,2 Stop(s),"7,908"
39,Vistara,"Wed, 20 Oct 2021",New Delhi (DEL),Kolkata,09:35,07:30,2h 05m,Non Stop,"8,055"
40,Vistara,"Wed, 20 Oct 2021",New Delhi (DEL),Kolkata,22:45,20:30,2h 15m,Non Stop,"8,055"
41,IndiGo,"Wed, 20 Oct 2021",New Delhi (DEL),Kolkata,17:10,14:45,2h 25m,Non Stop,"8,055"
42,Vistara,"Wed, 20 Oct 2021",New Delhi (DEL),Kolkata,16:55,14:50,2h 05m,Non Stop,"8,790"
43,SpiceJet,"Wed, 20 Oct 2021",New Delhi (DEL),Kolkata,21:00,18:40,2h 20m,Non Stop,"9,104"
44,Vistara,"Wed, 20 Oct 2021",New Delhi (DEL),Kolkata,19:35,17:30,2h 05m,Non Stop,"9,525"
45,IndiGo,"Wed, 20 Oct 2021",New Delhi (DEL),Kolkata,11:35,09:30,2h 05m,Non Stop,"9,630"
46,IndiGo,"Wed, 20 Oct 2021",New Delhi (DEL),Kolkata,13:25,08:55,4h 30m,1 Stop,"9,861"
47,IndiGo,"Wed, 20 Oct 2021",New Delhi (DEL),Kolkata,13:25,07:40,5h 45m,1 Stop,"9,861"
48,Air India,"Wed, 20 Oct 2021",New Delhi (DEL),Kolkata,"12:10
+ 1 day",16:45,19h 25m,1 Stop,"10,081"
49,Air India,"Wed, 20 Oct 2021",New Delhi (DEL),Kolkata,"12:10
+ 1 day",14:00,22h 10m,1 Stop,"10,081"
50,Air India,"Wed, 20 Oct 2021",New Delhi (DEL),Kolkata,22:20,20:15,2h 05m,Non Stop,"10,260"
51,Vistara,"Wed, 20 Oct 2021",New Delhi (DEL),Kolkata,"09:15
+ 1 day",06:40,26h 35m,1 Stop,"10,483"
52,SpiceJet,"Wed, 20 Oct 2021",New Delhi (DEL),Kolkata,"10:35
+ 1 day",10:50,23h 45m,1 Stop,"10,574"
53,SpiceJet,"Wed, 20 Oct 2021",New Delhi (DEL),Kolkata,"10:35
+ 1 day",09:25,25h 10m,1 Stop,"10,574"
54,Air India,"Wed, 20 Oct 2021",New Delhi (DEL),Kolkata,12:25,05:25,7h 00m,1 Stop,"10,618"
55,Air India,"Wed, 20 Oct 2021",New Delhi (DEL),Kolkata,17:00,05:25,11h 35m,1 Stop,"10,618"
56,Air Asia,"Wed, 20 Oct 2021",New Delhi (DEL),Kolkata,21:20,12:40,8h 40m,2 Stop(s),"10,619"
57,Air Asia,"Wed, 20 Oct 2021",New Delhi (DEL),Kolkata,21:20,11:55,9h 25m,2 Stop(s),"10,619"
58,Air India,"Wed, 20 Oct 2021",New Delhi (DEL),Kolkata,"08:05
+ 1 day",21:25,10h 40m,1 Stop,"10,680"
59,Air India,"Wed, 20 Oct 2021",New Delhi (DEL),Kolkata,"08:05
+ 1 day",16:40,15h 25m,2 Stop(s),"10,680"
60,Air India,"Wed, 20 Oct 2021",New Delhi (DEL),Kolkata,"12:10
+ 1 day",10:35,25h 35m,1 Stop,"11,446"
61,IndiGo,"Wed, 20 Oct 2021",New Delhi (DEL),Kolkata,15:30,08:55,6h 35m,1 Stop,"11,814"
62,IndiGo,"Wed, 20 Oct 2021",New Delhi (DEL),Kolkata,15:30,07:40,7h 50m,1 Stop,"11,814"
63,IndiGo,"Wed, 20 Oct 2021",New Delhi (DEL),Kolkata,14:20,08:55,5h 25m,1 Stop,"12,360"
64,IndiGo,"Wed, 20 Oct 2021",New Delhi (DEL),Kolkata,14:20,06:30,7h 50m,1 Stop,"12,360"
65,Air India,"Wed, 20 Oct 2021",New Delhi (DEL),Kolkata,13:50,06:00,7h 50m,1 Stop,"12,465"
66,Air India,"Wed, 20 Oct 2021",New Delhi (DEL),Kolkata,"14:25
+ 1 day",21:15,17h 10m,1 Stop,"12,570"
67,Go First,"Wed, 20 Oct 2021",New Delhi (DEL),Kolkata,"08:05
+ 1 day",19:45,12h 20m,1 Stop,"12,729"
68,Go First,"Wed, 20 Oct 2021",New Delhi (DEL),Kolkata,17:45,12:35,5h 10m,1 Stop,"12,817"
69,Go First,"Wed, 20 Oct 2021",New Delhi (DEL),Kolkata,23:40,14:20,9h 20m,1 Stop,"12,854"
70,Vistara,"Wed, 20 Oct 2021",New Delhi (DEL),Kolkata,16:55,10:20,6h 35m,1 Stop,"12,990"
71,Vistara,"Wed, 20 Oct 2021",New Delhi (DEL),Kolkata,19:45,12:45,7h 00m,1 Stop,"12,990"
72,Vistara,"Wed, 20 Oct 2021",New Delhi (DEL),Kolkata,16:55,09:30,7h 25m,1 Stop,"12,990"
73,Air Asia,"Wed, 20 Oct 2021",New Delhi (DEL),Kolkata,19:25,11:55,7h 30m,2 Stop(s),"12,990"
74,Vistara,"Wed, 20 Oct 2021",New Delhi (DEL),Kolkata,16:55,08:50,8h 05m,1 Stop,"12,990"
75,Air India,"Wed, 20 Oct 2021",New Delhi (DEL),Kolkata,23:15,15:05,8h 10m,2 Stop(s),"12,990"
76,Vistara,"Wed, 20 Oct 2021",New Delhi (DEL),Kolkata,16:55,07:30,9h 25m,1 Stop,"12,990"
77,Vistara,"Wed, 20 Oct 2021",New Delhi (DEL),Kolkata,19:45,10:20,9h 25m,1 Stop,"12,990"
78,Vistara,"Wed, 20 Oct 2021",New Delhi (DEL),Kolkata,19:45,09:30,10h 15m,1 Stop,"12,990"
79,Vistara,"Wed, 20 Oct 2021",New Delhi (DEL),Kolkata,16:55,06:00,10h 55m,1 Stop,"12,990"
80,Vistara,"Wed, 20 Oct 2021",New Delhi (DEL),Kolkata,19:45,08:50,10h 55m,1 Stop,"12,990"
81,Vistara,"Wed, 20 Oct 2021",New Delhi (DEL),Kolkata,"09:15
+ 1 day",21:40,11h 35m,2 Stop(s),"12,990"
82,Vistara,"Wed, 20 Oct 2021",New Delhi (DEL),Kolkata,19:45,07:30,12h 15m,1 Stop,"12,990"
83,Vistara,"Wed, 20 Oct 2021",New Delhi (DEL),Kolkata,"09:15
+ 1 day",19:45,13h 30m,2 Stop(s),"12,990"
84,Vistara,"Wed, 20 Oct 2021",New Delhi (DEL),Kolkata,19:45,06:00,13h 45m,1 Stop,"12,990"
85,Air India,"Wed, 20 Oct 2021",New Delhi (DEL),Kolkata,23:15,09:00,14h 15m,1 Stop,"12,990"
86,Vistara,"Wed, 20 Oct 2021",New Delhi (DEL),Kolkata,"09:15
+ 1 day",18:55,14h 20m,2 Stop(s),"12,990"
87,Air India,"Wed, 20 Oct 2021",New Delhi (DEL),Kolkata,23:15,08:00,15h 15m,1 Stop,"12,990"
88,Vistara,"Wed, 20 Oct 2021",New Delhi (DEL),Kolkata,"09:15
+ 1 day",17:45,15h 30m,2 Stop(s),"12,990"
89,Air India,"Wed, 20 Oct 2021",New Delhi (DEL),Kolkata,23:15,07:00,16h 15m,1 Stop,"12,990"
90,Vistara,"Wed, 20 Oct 2021",New Delhi (DEL),Kolkata,"09:15
+ 1 day",16:55,16h 20m,2 Stop(s),"12,990"
91,Vistara,"Wed, 20 Oct 2021",New Delhi (DEL),Kolkata,"09:15
+ 1 day",15:10,18h 05m,2 Stop(s),"12,990"
92,Air India,"Wed, 20 Oct 2021",New Delhi (DEL),Kolkata,"08:05
+ 1 day",08:20,23h 45m,1 Stop,"13,515"
93,Air India,"Wed, 20 Oct 2021",New Delhi (DEL),Kolkata,23:15,04:55,18h 20m,2 Stop(s),"13,688"
94,Air India,"Wed, 20 Oct 2021",New Delhi (DEL),Kolkata,16:00,08:20,7h 40m,2 Stop(s),"14,145"
95,Vistara,"Wed, 20 Oct 2021",New Delhi (DEL),Kolkata,"16:50
+ 1 day",17:50,23h 00m,1 Stop,"14,303"
96,Vistara,"Wed, 20 Oct 2021",New Delhi (DEL),Kolkata,"16:50
+ 1 day",21:40,19h 10m,2 Stop(s),"14,355"
97,Vistara,"Wed, 20 Oct 2021",New Delhi (DEL),Kolkata,"16:50
+ 1 day",19:45,21h 05m,2 Stop(s),"14,355"
98,Vistara,"Wed, 20 Oct 2021",New Delhi (DEL),Kolkata,"16:50
+ 1 day",18:55,21h 55m,2 Stop(s),"14,355"
99,Vistara,"Wed, 20 Oct 2021",New Delhi (DEL),Kolkata,19:45,07:10,12h 35m,2 Stop(s),"14,851"
100,Vistara,"Wed, 20 Oct 2021",New Delhi (DEL),Kolkata,"09:15
+ 1 day",17:45,15h 30m,3 Stop(s),"14,851"
101,Vistara,"Wed, 20 Oct 2021",New Delhi (DEL),Kolkata,"09:15
+ 1 day",14:45,18h 30m,3 Stop(s),"14,851"
102,Vistara,"Wed, 20 Oct 2021",New Delhi (DEL),Kolkata,"09:15
+ 1 day",07:10,26h 05m,3 Stop(s),"14,851"
103,Vistara,"Wed, 20 Oct 2021",New Delhi (DEL),Kolkata,"09:15
+ 1 day",07:10,26h 05m,3 Stop(s),"14,851"
104,Vistara,"Wed, 20 Oct 2021",New Delhi (DEL),Kolkata,"16:50
+ 1 day",20:35,20h 15m,3 Stop(s),"16,531"
105,Vistara,"Wed, 20 Oct 2021",New Delhi (DEL),Kolkata,"16:50
+ 1 day",17:45,23h 05m,3 Stop(s),"16,531"
106,IndiGo,"Wed, 20 Oct 2021",New Delhi (DEL),Kolkata,22:50,16:00,6h 50m,1 Stop,"16,823"
107,Vistara,"Wed, 20 Oct 2021",New Delhi (DEL),Kolkata,"09:15
+ 1 day",16:05,17h 10m,3 Stop(s),"16,888"
108,Vistara,"Wed, 20 Oct 2021",New Delhi (DEL),Kolkata,"09:15
+ 1 day",16:05,17h 10m,3 Stop(s),"16,888"
109,Air India,"Wed, 20 Oct 2021",New Delhi (DEL),Kolkata,"14:25
+ 1 day",09:45,28h 40m,1 Stop,"17,295"
110,Air India,"Wed, 20 Oct 2021",New Delhi (DEL),Kolkata,"14:25
+ 1 day",13:30,24h 55m,1 Stop,"18,345"
111,Air India,"Wed, 20 Oct 2021",New Delhi (DEL),Kolkata,16:45,11:15,5h 30m,1 Stop,"18,493"
112,Air India,"Wed, 20 Oct 2021",New Delhi (DEL),Kolkata,"13:00
+ 1 day",16:15,20h 45m,1 Stop,"25,065"
113,Air India,"Wed, 20 Oct 2021",New Delhi (DEL),Kolkata,"17:25
+ 1 day",16:15,25h 10m,1 Stop,"25,065"
114,Air India,"Wed, 20 Oct 2021",New Delhi (DEL),Kolkata,"19:20
+ 1 day",16:15,27h 05m,1 Stop,"34,200"
