,Airline,Date_of_journey,Departure,Arrival,Arr_time,Dep_time,Duration,Total_stops,Price
0,Air India,"Wed, 24 Nov 2021",Bangalore (BLR),New Delhi,20:35,17:50,2h 45m,Non Stop,"3,546"
1,IndiGo,"Wed, 24 Nov 2021",Bangalore (BLR),New Delhi,23:45,18:45,5h 00m,1 Stop,"3,546"
2,IndiGo,"Wed, 24 Nov 2021",Bangalore (BLR),New Delhi,18:10,13:05,5h 05m,1 Stop,"3,546"
3,IndiGo,"Wed, 24 Nov 2021",Bangalore (BLR),New Delhi,20:25,15:20,5h 05m,1 Stop,"3,546"
4,IndiGo,"Wed, 24 Nov 2021",Bangalore (BLR),New Delhi,22:25,16:20,6h 05m,1 Stop,"3,546"
5,IndiGo,"Wed, 24 Nov 2021",Bangalore (BLR),New Delhi,19:55,13:05,6h 50m,1 Stop,"3,546"
6,IndiGo,"Wed, 24 Nov 2021",Bangalore (BLR),New Delhi,"01:40
+ 1 day",18:40,7h 00m,1 Stop,"3,546"
7,IndiGo,"Wed, 24 Nov 2021",Bangalore (BLR),New Delhi,18:30,11:20,7h 10m,1 Stop,"3,546"
8,IndiGo,"Wed, 24 Nov 2021",Bangalore (BLR),New Delhi,22:35,15:20,7h 15m,1 Stop,"3,546"
9,IndiGo,"Wed, 24 Nov 2021",Bangalore (BLR),New Delhi,23:45,16:20,7h 25m,1 Stop,"3,546"
10,IndiGo,"Wed, 24 Nov 2021",Bangalore (BLR),New Delhi,"07:15
+ 1 day",23:45,7h 30m,1 Stop,"3,546"
11,IndiGo,"Wed, 24 Nov 2021",Bangalore (BLR),New Delhi,17:35,09:50,7h 45m,1 Stop,"3,546"
12,IndiGo,"Wed, 24 Nov 2021",Bangalore (BLR),New Delhi,18:00,10:05,7h 55m,1 Stop,"3,546"
13,IndiGo,"Wed, 24 Nov 2021",Bangalore (BLR),New Delhi,18:10,10:15,7h 55m,1 Stop,"3,546"
14,IndiGo,"Wed, 24 Nov 2021",Bangalore (BLR),New Delhi,18:10,09:20,8h 50m,1 Stop,"3,546"
15,IndiGo,"Wed, 24 Nov 2021",Bangalore (BLR),New Delhi,16:10,06:55,9h 15m,1 Stop,"3,546"
16,IndiGo,"Wed, 24 Nov 2021",Bangalore (BLR),New Delhi,22:25,13:05,9h 20m,1 Stop,"3,546"
17,IndiGo,"Wed, 24 Nov 2021",Bangalore (BLR),New Delhi,"07:15
+ 1 day",21:55,9h 20m,1 Stop,"3,546"
18,IndiGo,"Wed, 24 Nov 2021",Bangalore (BLR),New Delhi,18:30,09:05,9h 25m,1 Stop,"3,546"
19,IndiGo,"Wed, 24 Nov 2021",Bangalore (BLR),New Delhi,19:55,10:15,9h 40m,1 Stop,"3,546"
20,IndiGo,"Wed, 24 Nov 2021",Bangalore (BLR),New Delhi,"09:15
+ 1 day",23:00,10h 15m,1 Stop,"3,546"
21,IndiGo,"Wed, 24 Nov 2021",Bangalore (BLR),New Delhi,19:55,09:20,10h 35m,1 Stop,"3,546"
22,IndiGo,"Wed, 24 Nov 2021",Bangalore (BLR),New Delhi,23:45,13:05,10h 40m,1 Stop,"3,546"
23,SpiceJet,"Wed, 24 Nov 2021",Bangalore (BLR),New Delhi,"00:25
+ 1 day",05:40,18h 45m,1 Stop,"3,916"
24,Air Asia,"Wed, 24 Nov 2021",Bangalore (BLR),New Delhi,20:10,13:00,7h 10m,1 Stop,"4,067"
25,Air Asia,"Wed, 24 Nov 2021",Bangalore (BLR),New Delhi,20:50,13:00,7h 50m,1 Stop,"4,067"
26,Air India,"Wed, 24 Nov 2021",Bangalore (BLR),New Delhi,15:50,13:20,2h 30m,Non Stop,"4,071"
27,Air India,"Wed, 24 Nov 2021",Bangalore (BLR),New Delhi,13:00,10:25,2h 35m,Non Stop,"4,071"
28,SpiceJet,"Wed, 24 Nov 2021",Bangalore (BLR),New Delhi,19:25,09:45,9h 40m,1 Stop,"4,074"
29,SpiceJet,"Wed, 24 Nov 2021",Bangalore (BLR),New Delhi,19:25,09:20,10h 05m,1 Stop,"4,074"
30,Go First,"Wed, 24 Nov 2021",Bangalore (BLR),New Delhi,12:10,05:45,6h 25m,1 Stop,"4,153"
31,Go First,"Wed, 24 Nov 2021",Bangalore (BLR),New Delhi,14:30,05:45,8h 45m,1 Stop,"4,153"
32,Air Asia,"Wed, 24 Nov 2021",Bangalore (BLR),New Delhi,02:50,00:10,2h 40m,Non Stop,"4,200"
33,Air Asia,"Wed, 24 Nov 2021",Bangalore (BLR),New Delhi,08:55,06:15,2h 40m,Non Stop,"4,200"
34,SpiceJet,"Wed, 24 Nov 2021",Bangalore (BLR),New Delhi,08:40,05:55,2h 45m,Non Stop,"4,200"
35,IndiGo,"Wed, 24 Nov 2021",Bangalore (BLR),New Delhi,12:15,09:30,2h 45m,Non Stop,"4,200"
36,Air Asia,"Wed, 24 Nov 2021",Bangalore (BLR),New Delhi,14:05,11:20,2h 45m,Non Stop,"4,200"
37,IndiGo,"Wed, 24 Nov 2021",Bangalore (BLR),New Delhi,16:45,14:00,2h 45m,Non Stop,"4,200"
38,SpiceJet,"Wed, 24 Nov 2021",Bangalore (BLR),New Delhi,21:50,19:05,2h 45m,Non Stop,"4,200"
39,Air Asia,"Wed, 24 Nov 2021",Bangalore (BLR),New Delhi,03:35,00:45,2h 50m,Non Stop,"4,200"
40,IndiGo,"Wed, 24 Nov 2021",Bangalore (BLR),New Delhi,09:30,06:40,2h 50m,Non Stop,"4,200"
41,Go First,"Wed, 24 Nov 2021",Bangalore (BLR),New Delhi,10:30,07:40,2h 50m,Non Stop,"4,200"
42,IndiGo,"Wed, 24 Nov 2021",Bangalore (BLR),New Delhi,19:20,16:30,2h 50m,Non Stop,"4,200"
43,Go First,"Wed, 24 Nov 2021",Bangalore (BLR),New Delhi,23:50,21:00,2h 50m,Non Stop,"4,200"
44,SpiceJet,"Wed, 24 Nov 2021",Bangalore (BLR),New Delhi,"00:35
+ 1 day",21:45,2h 50m,Non Stop,"4,200"
45,Air Asia,"Wed, 24 Nov 2021",Bangalore (BLR),New Delhi,"01:00
+ 1 day",22:10,2h 50m,Non Stop,"4,200"
46,IndiGo,"Wed, 24 Nov 2021",Bangalore (BLR),New Delhi,07:35,04:40,2h 55m,Non Stop,"4,200"
47,IndiGo,"Wed, 24 Nov 2021",Bangalore (BLR),New Delhi,14:50,11:55,2h 55m,Non Stop,"4,200"
48,IndiGo,"Wed, 24 Nov 2021",Bangalore (BLR),New Delhi,20:45,17:50,2h 55m,Non Stop,"4,200"
49,IndiGo,"Wed, 24 Nov 2021",Bangalore (BLR),New Delhi,22:10,19:15,2h 55m,Non Stop,"4,200"
50,IndiGo,"Wed, 24 Nov 2021",Bangalore (BLR),New Delhi,"01:05
+ 1 day",22:10,2h 55m,Non Stop,"4,200"
51,IndiGo,"Wed, 24 Nov 2021",Bangalore (BLR),New Delhi,23:10,20:10,3h 00m,Non Stop,"4,200"
52,Air India,"Wed, 24 Nov 2021",Bangalore (BLR),New Delhi,19:20,06:45,12h 35m,2 Stop(s),"4,294"
53,Air India,"Wed, 24 Nov 2021",Bangalore (BLR),New Delhi,"19:20
+ 1 day",19:10,24h 10m,2 Stop(s),"4,294"
54,IndiGo,"Wed, 24 Nov 2021",Bangalore (BLR),New Delhi,"00:45
+ 1 day",18:45,6h 00m,1 Stop,"4,318"
55,IndiGo,"Wed, 24 Nov 2021",Bangalore (BLR),New Delhi,"00:45
+ 1 day",16:20,8h 25m,1 Stop,"4,318"
56,Air India,"Wed, 24 Nov 2021",Bangalore (BLR),New Delhi,"08:55
+ 1 day",18:50,14h 05m,1 Stop,"4,324"
57,Air India,"Wed, 24 Nov 2021",Bangalore (BLR),New Delhi,"08:55
+ 1 day",15:15,17h 40m,2 Stop(s),"4,324"
58,Air India,"Wed, 24 Nov 2021",Bangalore (BLR),New Delhi,"13:50
+ 1 day",18:50,19h 00m,1 Stop,"4,324"
59,Vistara,"Wed, 24 Nov 2021",Bangalore (BLR),New Delhi,20:20,17:45,2h 35m,Non Stop,"4,369"
60,Vistara,"Wed, 24 Nov 2021",Bangalore (BLR),New Delhi,23:45,21:10,2h 35m,Non Stop,"4,369"
61,Vistara,"Wed, 24 Nov 2021",Bangalore (BLR),New Delhi,09:40,07:00,2h 40m,Non Stop,"4,369"
62,Vistara,"Wed, 24 Nov 2021",Bangalore (BLR),New Delhi,10:40,08:00,2h 40m,Non Stop,"4,369"
63,Vistara,"Wed, 24 Nov 2021",Bangalore (BLR),New Delhi,14:10,11:30,2h 40m,Non Stop,"4,369"
64,Vistara,"Wed, 24 Nov 2021",Bangalore (BLR),New Delhi,22:25,19:40,2h 45m,Non Stop,"4,369"
65,Vistara,"Wed, 24 Nov 2021",Bangalore (BLR),New Delhi,12:40,09:45,2h 55m,Non Stop,"4,369"
66,Go First,"Wed, 24 Nov 2021",Bangalore (BLR),New Delhi,23:30,16:30,7h 00m,1 Stop,"4,374"
67,Go First,"Wed, 24 Nov 2021",Bangalore (BLR),New Delhi,"00:50
+ 1 day",16:30,8h 20m,1 Stop,"4,374"
68,Go First,"Wed, 24 Nov 2021",Bangalore (BLR),New Delhi,"02:00
+ 1 day",16:30,9h 30m,1 Stop,"4,374"
69,Air India,"Wed, 24 Nov 2021",Bangalore (BLR),New Delhi,08:55,06:10,2h 45m,Non Stop,"4,491"
70,Vistara,"Wed, 24 Nov 2021",Bangalore (BLR),New Delhi,"09:00
+ 1 day",19:25,13h 35m,1 Stop,"4,577"
71,Vistara,"Wed, 24 Nov 2021",Bangalore (BLR),New Delhi,"12:30
+ 1 day",19:25,17h 05m,1 Stop,"4,577"
72,Vistara,"Wed, 24 Nov 2021",Bangalore (BLR),New Delhi,"20:00
+ 1 day",19:25,24h 35m,1 Stop,"4,577"
73,Air India,"Wed, 24 Nov 2021",Bangalore (BLR),New Delhi,12:15,06:45,5h 30m,1 Stop,"4,609"
74,Air India,"Wed, 24 Nov 2021",Bangalore (BLR),New Delhi,20:30,06:45,13h 45m,1 Stop,"4,609"
75,Air India,"Wed, 24 Nov 2021",Bangalore (BLR),New Delhi,21:15,06:45,14h 30m,1 Stop,"4,609"
76,Go First,"Wed, 24 Nov 2021",Bangalore (BLR),New Delhi,14:30,08:10,6h 20m,1 Stop,"4,667"
77,Go First,"Wed, 24 Nov 2021",Bangalore (BLR),New Delhi,15:40,08:10,7h 30m,1 Stop,"4,667"
78,Go First,"Wed, 24 Nov 2021",Bangalore (BLR),New Delhi,12:20,07:30,4h 50m,1 Stop,"4,761"
79,IndiGo,"Wed, 24 Nov 2021",Bangalore (BLR),New Delhi,"09:15
+ 1 day",23:45,9h 30m,1 Stop,"4,947"
80,Vistara,"Wed, 24 Nov 2021",Bangalore (BLR),New Delhi,19:55,10:15,9h 40m,1 Stop,"4,983"
81,Air India,"Wed, 24 Nov 2021",Bangalore (BLR),New Delhi,"08:55
+ 1 day",19:10,13h 45m,1 Stop,"5,029"
82,Air India,"Wed, 24 Nov 2021",Bangalore (BLR),New Delhi,"10:15
+ 1 day",19:10,15h 05m,1 Stop,"5,029"
83,Air India,"Wed, 24 Nov 2021",Bangalore (BLR),New Delhi,"18:15
+ 1 day",19:10,23h 05m,1 Stop,"5,029"
84,Air India,"Wed, 24 Nov 2021",Bangalore (BLR),New Delhi,"08:55
+ 1 day",06:45,26h 10m,1 Stop,"5,029"
85,SpiceJet,"Wed, 24 Nov 2021",Bangalore (BLR),New Delhi,"10:40
+ 1 day",09:45,24h 55m,1 Stop,"5,124"
86,SpiceJet,"Wed, 24 Nov 2021",Bangalore (BLR),New Delhi,"10:40
+ 1 day",09:20,25h 20m,1 Stop,"5,124"
87,Vistara,"Wed, 24 Nov 2021",Bangalore (BLR),New Delhi,16:30,10:15,6h 15m,1 Stop,"5,185"
88,IndiGo,"Wed, 24 Nov 2021",Bangalore (BLR),New Delhi,16:00,09:05,6h 55m,1 Stop,"5,369"
89,Air India,"Wed, 24 Nov 2021",Bangalore (BLR),New Delhi,"12:15
+ 1 day",19:10,17h 05m,1 Stop,"5,554"
90,Go First,"Wed, 24 Nov 2021",Bangalore (BLR),New Delhi,13:30,07:00,6h 30m,1 Stop,"5,654"
91,IndiGo,"Wed, 24 Nov 2021",Bangalore (BLR),New Delhi,15:20,08:55,6h 25m,1 Stop,"5,680"
92,SpiceJet,"Wed, 24 Nov 2021",Bangalore (BLR),New Delhi,22:35,15:05,7h 30m,1 Stop,"5,702"
93,Air Asia,"Wed, 24 Nov 2021",Bangalore (BLR),New Delhi,12:00,05:40,6h 20m,1 Stop,"5,718"
94,Go First,"Wed, 24 Nov 2021",Bangalore (BLR),New Delhi,15:30,09:15,6h 15m,1 Stop,"5,859"
95,Go First,"Wed, 24 Nov 2021",Bangalore (BLR),New Delhi,18:00,11:45,6h 15m,1 Stop,"5,859"
96,Go First,"Wed, 24 Nov 2021",Bangalore (BLR),New Delhi,19:00,11:45,7h 15m,1 Stop,"5,859"
97,Go First,"Wed, 24 Nov 2021",Bangalore (BLR),New Delhi,18:00,09:15,8h 45m,1 Stop,"5,859"
98,Vistara,"Wed, 24 Nov 2021",Bangalore (BLR),New Delhi,22:20,07:15,15h 05m,1 Stop,"5,875"
99,Go First,"Wed, 24 Nov 2021",Bangalore (BLR),New Delhi,23:30,18:50,4h 40m,1 Stop,"5,980"
100,Air Asia,"Wed, 24 Nov 2021",Bangalore (BLR),New Delhi,16:15,09:05,7h 10m,1 Stop,"6,065"
101,Air India,"Wed, 24 Nov 2021",Bangalore (BLR),New Delhi,21:10,09:00,12h 10m,2 Stop(s),"6,132"
102,Go First,"Wed, 24 Nov 2021",Bangalore (BLR),New Delhi,21:45,16:10,5h 35m,1 Stop,"6,282"
103,Air India,"Wed, 24 Nov 2021",Bangalore (BLR),New Delhi,"21:10
+ 1 day",22:00,23h 10m,1 Stop,"6,294"
104,Vistara,"Wed, 24 Nov 2021",Bangalore (BLR),New Delhi,"16:30
+ 1 day",09:30,31h 00m,2 Stop(s),"6,354"
105,Air Asia,"Wed, 24 Nov 2021",Bangalore (BLR),New Delhi,"01:45
+ 1 day",20:45,5h 00m,1 Stop,"6,430"
106,Air Asia,"Wed, 24 Nov 2021",Bangalore (BLR),New Delhi,10:55,05:25,5h 30m,1 Stop,"6,430"
107,SpiceJet,"Wed, 24 Nov 2021",Bangalore (BLR),New Delhi,"11:20
+ 1 day",15:05,20h 15m,1 Stop,"6,542"
108,SpiceJet,"Wed, 24 Nov 2021",Bangalore (BLR),New Delhi,"01:00
+ 1 day",05:55,19h 05m,1 Stop,"6,606"
109,Air Asia,"Wed, 24 Nov 2021",Bangalore (BLR),New Delhi,"02:10
+ 1 day",18:30,7h 40m,1 Stop,"6,625"
110,Vistara,"Wed, 24 Nov 2021",Bangalore (BLR),New Delhi,"16:30
+ 1 day",11:30,29h 00m,2 Stop(s),"6,669"
111,Air Asia,"Wed, 24 Nov 2021",Bangalore (BLR),New Delhi,14:00,07:05,6h 55m,1 Stop,"6,799"
112,Air India,"Wed, 24 Nov 2021",Bangalore (BLR),New Delhi,23:15,11:50,11h 25m,2 Stop(s),"6,815"
113,Vistara,"Wed, 24 Nov 2021",Bangalore (BLR),New Delhi,19:55,06:40,13h 15m,2 Stop(s),"6,969"
114,Go First,"Wed, 24 Nov 2021",Bangalore (BLR),New Delhi,21:00,16:10,4h 50m,1 Stop,"7,080"
115,Vistara,"Wed, 24 Nov 2021",Bangalore (BLR),New Delhi,16:30,06:40,9h 50m,2 Stop(s),"7,172"
116,SpiceJet,"Wed, 24 Nov 2021",Bangalore (BLR),New Delhi,22:10,05:55,16h 15m,1 Stop,"7,236"
117,Air India,"Wed, 24 Nov 2021",Bangalore (BLR),New Delhi,23:45,11:50,11h 55m,1 Stop,"7,371"
118,Vistara,"Wed, 24 Nov 2021",Bangalore (BLR),New Delhi,"16:30
+ 1 day",18:25,22h 05m,2 Stop(s),"7,444"
119,IndiGo,"Wed, 24 Nov 2021",Bangalore (BLR),New Delhi,18:10,10:25,7h 45m,2 Stop(s),"7,610"
120,IndiGo,"Wed, 24 Nov 2021",Bangalore (BLR),New Delhi,11:55,07:10,4h 45m,1 Stop,"7,678"
121,IndiGo,"Wed, 24 Nov 2021",Bangalore (BLR),New Delhi,11:55,06:10,5h 45m,1 Stop,"7,678"
122,Vistara,"Wed, 24 Nov 2021",Bangalore (BLR),New Delhi,"16:30
+ 1 day",21:40,18h 50m,2 Stop(s),"7,759"
123,Vistara,"Wed, 24 Nov 2021",Bangalore (BLR),New Delhi,"16:30
+ 1 day",19:55,20h 35m,2 Stop(s),"7,759"
124,Vistara,"Wed, 24 Nov 2021",Bangalore (BLR),New Delhi,"19:55
+ 1 day",21:40,22h 15m,2 Stop(s),"7,759"
125,Vistara,"Wed, 24 Nov 2021",Bangalore (BLR),New Delhi,"19:55
+ 1 day",19:55,24h 00m,2 Stop(s),"7,759"
126,Vistara,"Wed, 24 Nov 2021",Bangalore (BLR),New Delhi,23:00,18:25,4h 35m,1 Stop,"7,830"
127,Vistara,"Wed, 24 Nov 2021",Bangalore (BLR),New Delhi,14:05,08:30,5h 35m,1 Stop,"7,830"
128,Vistara,"Wed, 24 Nov 2021",Bangalore (BLR),New Delhi,"00:10
+ 1 day",18:25,5h 45m,1 Stop,"7,830"
129,Vistara,"Wed, 24 Nov 2021",Bangalore (BLR),New Delhi,"00:55
+ 1 day",18:25,6h 30m,1 Stop,"7,830"
130,Vistara,"Wed, 24 Nov 2021",Bangalore (BLR),New Delhi,16:55,09:30,7h 25m,1 Stop,"7,830"
131,Vistara,"Wed, 24 Nov 2021",Bangalore (BLR),New Delhi,16:55,08:30,8h 25m,1 Stop,"7,830"
132,Vistara,"Wed, 24 Nov 2021",Bangalore (BLR),New Delhi,18:05,09:30,8h 35m,1 Stop,"7,830"
133,Vistara,"Wed, 24 Nov 2021",Bangalore (BLR),New Delhi,18:05,08:30,9h 35m,1 Stop,"7,830"
134,Vistara,"Wed, 24 Nov 2021",Bangalore (BLR),New Delhi,19:40,09:30,10h 10m,1 Stop,"7,830"
135,Vistara,"Wed, 24 Nov 2021",Bangalore (BLR),New Delhi,19:40,08:30,11h 10m,1 Stop,"7,830"
136,Vistara,"Wed, 24 Nov 2021",Bangalore (BLR),New Delhi,20:40,09:30,11h 10m,1 Stop,"7,830"
137,Air Asia,"Wed, 24 Nov 2021",Bangalore (BLR),New Delhi,19:20,11:45,7h 35m,1 Stop,"7,986"
138,SpiceJet,"Wed, 24 Nov 2021",Bangalore (BLR),New Delhi,14:25,06:05,8h 20m,1 Stop,"8,032"
139,SpiceJet,"Wed, 24 Nov 2021",Bangalore (BLR),New Delhi,18:00,06:05,11h 55m,1 Stop,"8,032"
140,SpiceJet,"Wed, 24 Nov 2021",Bangalore (BLR),New Delhi,17:45,05:55,11h 50m,1 Stop,"8,076"
141,Vistara,"Wed, 24 Nov 2021",Bangalore (BLR),New Delhi,"00:55
+ 1 day",19:55,5h 00m,1 Stop,"8,145"
142,Vistara,"Wed, 24 Nov 2021",Bangalore (BLR),New Delhi,16:55,11:30,5h 25m,1 Stop,"8,145"
143,Vistara,"Wed, 24 Nov 2021",Bangalore (BLR),New Delhi,12:40,06:40,6h 00m,1 Stop,"8,145"
144,Vistara,"Wed, 24 Nov 2021",Bangalore (BLR),New Delhi,18:05,11:30,6h 35m,1 Stop,"8,145"
145,Vistara,"Wed, 24 Nov 2021",Bangalore (BLR),New Delhi,14:05,06:40,7h 25m,1 Stop,"8,145"
146,Vistara,"Wed, 24 Nov 2021",Bangalore (BLR),New Delhi,19:40,11:30,8h 10m,1 Stop,"8,145"
147,Vistara,"Wed, 24 Nov 2021",Bangalore (BLR),New Delhi,20:40,11:30,9h 10m,1 Stop,"8,145"
148,Vistara,"Wed, 24 Nov 2021",Bangalore (BLR),New Delhi,16:55,06:40,10h 15m,1 Stop,"8,145"
149,Vistara,"Wed, 24 Nov 2021",Bangalore (BLR),New Delhi,21:55,11:30,10h 25m,1 Stop,"8,145"
150,Vistara,"Wed, 24 Nov 2021",Bangalore (BLR),New Delhi,"08:05
+ 1 day",21:40,10h 25m,1 Stop,"8,145"
151,Vistara,"Wed, 24 Nov 2021",Bangalore (BLR),New Delhi,"08:35
+ 1 day",21:40,10h 55m,1 Stop,"8,145"
152,Vistara,"Wed, 24 Nov 2021",Bangalore (BLR),New Delhi,18:05,06:40,11h 25m,1 Stop,"8,145"
153,Air Asia,"Wed, 24 Nov 2021",Bangalore (BLR),New Delhi,"00:35
+ 1 day",17:30,7h 05m,1 Stop,"8,169"
154,SpiceJet,"Wed, 24 Nov 2021",Bangalore (BLR),New Delhi,"15:20
+ 1 day",14:25,24h 55m,1 Stop,"8,642"
155,Air India,"Wed, 24 Nov 2021",Bangalore (BLR),New Delhi,23:15,06:45,16h 30m,3 Stop(s),"9,323"
156,Air India,"Wed, 24 Nov 2021",Bangalore (BLR),New Delhi,23:45,06:45,17h 00m,2 Stop(s),"9,880"
157,Go First,"Wed, 24 Nov 2021",Bangalore (BLR),New Delhi,20:20,15:45,4h 35m,1 Stop,"10,680"
158,Vistara,"Wed, 24 Nov 2021",Bangalore (BLR),New Delhi,17:05,12:20,4h 45m,1 Stop,"11,379"
159,Air India,"Wed, 24 Nov 2021",Bangalore (BLR),New Delhi,"11:10
+ 1 day",19:10,16h 00m,2 Stop(s),"13,128"
