,Airline,Date_of_journey,Departure,Arrival,Arr_time,Dep_time,Duration,Total_stops,Price
0,Go First,"Fri, 29 Oct 2021",Hyderabad (HYD),Pune,"10:10
+ 1 day",18:30,15h 40m,1 Stop,"5,292"
1,Air Asia,"Fri, 29 Oct 2021",Hyderabad (HYD),Pune,"08:10
+ 1 day",23:50,8h 20m,1 Stop,"7,775"
2,Air India,"Fri, 29 Oct 2021",Hyderabad (HYD),Pune,"08:40
+ 1 day",19:20,13h 20m,2 Stop(s),"8,698"
3,Air India,"Fri, 29 Oct 2021",Hyderabad (HYD),Pune,"08:40
+ 1 day",16:15,16h 25m,1 Stop,"8,698"
4,Air India,"Fri, 29 Oct 2021",Hyderabad (HYD),Pune,"08:40
+ 1 day",11:05,21h 35m,1 Stop,"8,698"
5,Air India,"Fri, 29 Oct 2021",Hyderabad (HYD),Pune,"08:40
+ 1 day",06:40,26h 00m,1 Stop,"8,698"
6,Vistara,"Fri, 29 Oct 2021",Hyderabad (HYD),Pune,"08:30
+ 1 day",20:35,11h 55m,1 Stop,"11,207"
7,Vistara,"Fri, 29 Oct 2021",Hyderabad (HYD),Pune,"08:30
+ 1 day",17:55,14h 35m,1 Stop,"11,207"
8,Vistara,"Fri, 29 Oct 2021",Hyderabad (HYD),Pune,"08:30
+ 1 day",10:05,22h 25m,1 Stop,"11,207"
9,Vistara,"Fri, 29 Oct 2021",Hyderabad (HYD),Pune,"08:30
+ 1 day",06:50,25h 40m,1 Stop,"11,207"
10,Air Asia,"Fri, 29 Oct 2021",Hyderabad (HYD),Pune,"14:15
+ 1 day",21:10,17h 05m,2 Stop(s),"11,414"
11,Vistara,"Fri, 29 Oct 2021",Hyderabad (HYD),Pune,"18:25
+ 1 day",20:35,21h 50m,1 Stop,"12,047"
12,Vistara,"Fri, 29 Oct 2021",Hyderabad (HYD),Pune,"18:25
+ 1 day",17:55,24h 30m,1 Stop,"12,047"
13,Air Asia,"Fri, 29 Oct 2021",Hyderabad (HYD),Pune,"08:10
+ 1 day",21:10,11h 00m,2 Stop(s),"13,057"
14,Air Asia,"Fri, 29 Oct 2021",Hyderabad (HYD),Pune,"14:15
+ 1 day",23:50,14h 25m,1 Stop,"13,057"
15,Air Asia,"Fri, 29 Oct 2021",Hyderabad (HYD),Pune,"08:10
+ 1 day",16:40,15h 30m,2 Stop(s),"13,057"
16,IndiGo,"Fri, 29 Oct 2021",Hyderabad (HYD),Pune,"08:35
+ 1 day",22:35,10h 00m,1 Stop,"14,008"
17,Vistara,"Fri, 29 Oct 2021",Hyderabad (HYD),Pune,"19:40
+ 1 day",20:35,23h 05m,1 Stop,"14,533"
18,Vistara,"Fri, 29 Oct 2021",Hyderabad (HYD),Pune,"19:40
+ 1 day",17:55,25h 45m,1 Stop,"14,638"
19,Vistara,"Fri, 29 Oct 2021",Hyderabad (HYD),Pune,"16:20
+ 1 day",20:35,19h 45m,1 Stop,"15,268"
20,IndiGo,"Fri, 29 Oct 2021",Hyderabad (HYD),Pune,"08:20
+ 1 day",20:45,11h 35m,1 Stop,"15,373"
21,Vistara,"Fri, 29 Oct 2021",Hyderabad (HYD),Pune,"16:20
+ 1 day",17:55,22h 25m,1 Stop,"15,373"
22,IndiGo,"Fri, 29 Oct 2021",Hyderabad (HYD),Pune,"08:20
+ 1 day",22:25,9h 55m,1 Stop,"15,636"
23,Air India,"Fri, 29 Oct 2021",Hyderabad (HYD),Pune,"17:05
+ 1 day",16:15,24h 50m,3 Stop(s),"18,201"
24,Air India,"Fri, 29 Oct 2021",Hyderabad (HYD),Pune,"17:05
+ 1 day",11:05,30h 00m,3 Stop(s),"18,201"
25,Air India,"Fri, 29 Oct 2021",Hyderabad (HYD),Pune,"17:05
+ 1 day",06:40,34h 25m,3 Stop(s),"18,201"
26,Vistara,"Fri, 29 Oct 2021",Hyderabad (HYD),Pune,"08:30
+ 1 day",13:35,18h 55m,2 Stop(s),"18,733"
27,Vistara,"Fri, 29 Oct 2021",Hyderabad (HYD),Pune,"16:20
+ 1 day",21:35,18h 45m,2 Stop(s),"21,253"
28,Vistara,"Fri, 29 Oct 2021",Hyderabad (HYD),Pune,"16:20
+ 1 day",21:35,18h 45m,2 Stop(s),"21,988"
29,Vistara,"Fri, 29 Oct 2021",Hyderabad (HYD),Pune,"16:20
+ 1 day",21:35,18h 45m,2 Stop(s),"21,988"
30,Vistara,"Fri, 29 Oct 2021",Hyderabad (HYD),Pune,"08:30
+ 1 day",07:40,24h 50m,2 Stop(s),"22,723"
31,Vistara,"Fri, 29 Oct 2021",Hyderabad (HYD),Pune,"08:30
+ 1 day",07:40,24h 50m,2 Stop(s),"23,983"
32,Vistara,"Fri, 29 Oct 2021",Hyderabad (HYD),Pune,"08:30
+ 1 day",07:40,24h 50m,2 Stop(s),"27,448"
33,Go First,"Sun, 14 Nov 2021",Hyderabad (HYD),Pune,"00:45
+ 1 day",20:45,4h 00m,1 Stop,"5,292"
34,Go First,"Sun, 14 Nov 2021",Hyderabad (HYD),Pune,22:45,16:00,6h 45m,1 Stop,"5,292"
35,Go First,"Sun, 14 Nov 2021",Hyderabad (HYD),Pune,18:40,10:20,8h 20m,1 Stop,"5,292"
36,Go First,"Sun, 14 Nov 2021",Hyderabad (HYD),Pune,"08:30
+ 1 day",20:45,11h 45m,1 Stop,"5,292"
37,Go First,"Sun, 14 Nov 2021",Hyderabad (HYD),Pune,"10:45
+ 1 day",22:20,12h 25m,1 Stop,"5,292"
38,Go First,"Sun, 14 Nov 2021",Hyderabad (HYD),Pune,18:15,05:15,13h 00m,1 Stop,"5,292"
39,Go First,"Sun, 14 Nov 2021",Hyderabad (HYD),Pune,19:00,05:15,13h 45m,1 Stop,"5,292"
40,IndiGo,"Sun, 14 Nov 2021",Hyderabad (HYD),Pune,09:20,07:55,1h 25m,Non Stop,"5,293"
41,IndiGo,"Sun, 14 Nov 2021",Hyderabad (HYD),Pune,10:35,06:35,4h 00m,1 Stop,"5,293"
42,IndiGo,"Sun, 14 Nov 2021",Hyderabad (HYD),Pune,10:35,04:40,5h 55m,1 Stop,"5,293"
43,IndiGo,"Sun, 14 Nov 2021",Hyderabad (HYD),Pune,15:05,13:55,1h 10m,Non Stop,"5,713"
44,IndiGo,"Sun, 14 Nov 2021",Hyderabad (HYD),Pune,13:25,06:35,6h 50m,1 Stop,"6,663"
45,IndiGo,"Sun, 14 Nov 2021",Hyderabad (HYD),Pune,13:25,04:40,8h 45m,1 Stop,"6,663"
46,IndiGo,"Sun, 14 Nov 2021",Hyderabad (HYD),Pune,13:10,05:50,7h 20m,1 Stop,"7,577"
47,IndiGo,"Sun, 14 Nov 2021",Hyderabad (HYD),Pune,16:45,15:25,1h 20m,Non Stop,"7,603"
48,IndiGo,"Sun, 14 Nov 2021",Hyderabad (HYD),Pune,12:50,08:15,4h 35m,1 Stop,"8,034"
49,IndiGo,"Sun, 14 Nov 2021",Hyderabad (HYD),Pune,10:40,05:35,5h 05m,1 Stop,"8,034"
50,IndiGo,"Sun, 14 Nov 2021",Hyderabad (HYD),Pune,12:50,06:45,6h 05m,1 Stop,"8,034"
51,IndiGo,"Sun, 14 Nov 2021",Hyderabad (HYD),Pune,12:50,05:35,7h 15m,1 Stop,"8,034"
52,IndiGo,"Sun, 14 Nov 2021",Hyderabad (HYD),Pune,"10:30
+ 1 day",22:30,12h 00m,1 Stop,"8,034"
53,IndiGo,"Sun, 14 Nov 2021",Hyderabad (HYD),Pune,17:45,12:00,5h 45m,1 Stop,"8,947"
54,IndiGo,"Sun, 14 Nov 2021",Hyderabad (HYD),Pune,15:10,08:05,7h 05m,1 Stop,"8,947"
55,IndiGo,"Sun, 14 Nov 2021",Hyderabad (HYD),Pune,17:45,09:30,8h 15m,1 Stop,"8,947"
56,IndiGo,"Sun, 14 Nov 2021",Hyderabad (HYD),Pune,17:45,08:15,9h 30m,1 Stop,"8,947"
57,IndiGo,"Sun, 14 Nov 2021",Hyderabad (HYD),Pune,"10:40
+ 1 day",23:50,10h 50m,1 Stop,"8,947"
58,IndiGo,"Sun, 14 Nov 2021",Hyderabad (HYD),Pune,17:45,06:45,11h 00m,1 Stop,"8,947"
59,IndiGo,"Sun, 14 Nov 2021",Hyderabad (HYD),Pune,13:40,08:20,5h 20m,1 Stop,"9,404"
60,Air India,"Sun, 14 Nov 2021",Hyderabad (HYD),Pune,"08:05
+ 1 day",16:15,15h 50m,1 Stop,"9,969"
61,Air India,"Sun, 14 Nov 2021",Hyderabad (HYD),Pune,"08:05
+ 1 day",16:00,16h 05m,2 Stop(s),"9,969"
62,Air India,"Sun, 14 Nov 2021",Hyderabad (HYD),Pune,"08:05
+ 1 day",11:15,20h 50m,1 Stop,"9,969"
63,Air India,"Sun, 14 Nov 2021",Hyderabad (HYD),Pune,"08:05
+ 1 day",06:40,25h 25m,1 Stop,"9,969"
64,Vistara,"Sun, 14 Nov 2021",Hyderabad (HYD),Pune,12:35,07:00,5h 35m,1 Stop,"10,703"
65,Vistara,"Sun, 14 Nov 2021",Hyderabad (HYD),Pune,16:20,10:05,6h 15m,1 Stop,"10,703"
66,Vistara,"Sun, 14 Nov 2021",Hyderabad (HYD),Pune,18:35,10:05,8h 30m,1 Stop,"10,703"
67,Vistara,"Sun, 14 Nov 2021",Hyderabad (HYD),Pune,16:20,07:00,9h 20m,1 Stop,"10,703"
68,Vistara,"Sun, 14 Nov 2021",Hyderabad (HYD),Pune,18:35,07:00,11h 35m,1 Stop,"10,703"
69,Vistara,"Sun, 14 Nov 2021",Hyderabad (HYD),Pune,"12:35
+ 1 day",20:25,16h 10m,1 Stop,"10,703"
70,Vistara,"Sun, 14 Nov 2021",Hyderabad (HYD),Pune,"12:35
+ 1 day",17:40,18h 55m,1 Stop,"10,703"
71,Vistara,"Sun, 14 Nov 2021",Hyderabad (HYD),Pune,"16:20
+ 1 day",20:25,19h 55m,1 Stop,"10,703"
72,Vistara,"Sun, 14 Nov 2021",Hyderabad (HYD),Pune,"18:35
+ 1 day",20:25,22h 10m,1 Stop,"10,703"
73,Vistara,"Sun, 14 Nov 2021",Hyderabad (HYD),Pune,"16:20
+ 1 day",17:40,22h 40m,1 Stop,"10,703"
74,Vistara,"Sun, 14 Nov 2021",Hyderabad (HYD),Pune,"19:40
+ 1 day",20:25,23h 15m,1 Stop,"10,703"
75,Vistara,"Sun, 14 Nov 2021",Hyderabad (HYD),Pune,"18:35
+ 1 day",17:40,24h 55m,1 Stop,"10,703"
76,Vistara,"Sun, 14 Nov 2021",Hyderabad (HYD),Pune,"19:40
+ 1 day",17:40,26h 00m,1 Stop,"10,703"
77,Vistara,"Sun, 14 Nov 2021",Hyderabad (HYD),Pune,"12:35
+ 1 day",10:05,26h 30m,1 Stop,"10,703"
78,Air Asia,"Sun, 14 Nov 2021",Hyderabad (HYD),Pune,14:25,00:45,13h 40m,1 Stop,"10,726"
79,IndiGo,"Sun, 14 Nov 2021",Hyderabad (HYD),Pune,19:45,12:00,7h 45m,1 Stop,"10,774"
80,IndiGo,"Sun, 14 Nov 2021",Hyderabad (HYD),Pune,19:45,09:30,10h 15m,1 Stop,"10,774"
81,Air India,"Sun, 14 Nov 2021",Hyderabad (HYD),Pune,"18:10
+ 1 day",16:15,25h 55m,1 Stop,"10,777"
82,Air India,"Sun, 14 Nov 2021",Hyderabad (HYD),Pune,"18:10
+ 1 day",16:00,26h 10m,2 Stop(s),"10,777"
83,IndiGo,"Sun, 14 Nov 2021",Hyderabad (HYD),Pune,13:15,07:00,6h 15m,1 Stop,"11,231"
84,IndiGo,"Sun, 14 Nov 2021",Hyderabad (HYD),Pune,13:15,05:00,8h 15m,1 Stop,"11,231"
85,Vistara,"Sun, 14 Nov 2021",Hyderabad (HYD),Pune,19:40,10:05,9h 35m,1 Stop,"12,047"
86,Vistara,"Sun, 14 Nov 2021",Hyderabad (HYD),Pune,19:40,07:00,12h 40m,1 Stop,"12,047"
87,IndiGo,"Sun, 14 Nov 2021",Hyderabad (HYD),Pune,17:15,09:55,7h 20m,1 Stop,"12,144"
88,IndiGo,"Sun, 14 Nov 2021",Hyderabad (HYD),Pune,17:15,06:35,10h 40m,1 Stop,"12,144"
89,IndiGo,"Sun, 14 Nov 2021",Hyderabad (HYD),Pune,15:40,09:40,6h 00m,1 Stop,"12,601"
90,IndiGo,"Sun, 14 Nov 2021",Hyderabad (HYD),Pune,15:40,07:00,8h 40m,1 Stop,"12,601"
91,IndiGo,"Sun, 14 Nov 2021",Hyderabad (HYD),Pune,15:40,05:00,10h 40m,1 Stop,"12,601"
92,IndiGo,"Sun, 14 Nov 2021",Hyderabad (HYD),Pune,16:40,12:45,3h 55m,1 Stop,"14,428"
93,Vistara,"Sun, 14 Nov 2021",Hyderabad (HYD),Pune,18:35,07:40,10h 55m,2 Stop(s),"15,848"
94,Vistara,"Sun, 14 Nov 2021",Hyderabad (HYD),Pune,"12:35
+ 1 day",07:40,28h 55m,2 Stop(s),"15,848"
95,Vistara,"Sun, 14 Nov 2021",Hyderabad (HYD),Pune,"12:35
+ 1 day",07:40,28h 55m,2 Stop(s),"15,848"
96,Vistara,"Sun, 14 Nov 2021",Hyderabad (HYD),Pune,"12:35
+ 1 day",07:40,28h 55m,2 Stop(s),"15,848"
97,Vistara,"Sun, 14 Nov 2021",Hyderabad (HYD),Pune,"12:35
+ 1 day",07:40,28h 55m,2 Stop(s),"15,848"
98,Vistara,"Sun, 14 Nov 2021",Hyderabad (HYD),Pune,"12:35
+ 1 day",07:40,28h 55m,2 Stop(s),"15,848"
99,Vistara,"Sun, 14 Nov 2021",Hyderabad (HYD),Pune,"16:20
+ 1 day",07:40,32h 40m,2 Stop(s),"15,848"
100,Vistara,"Sun, 14 Nov 2021",Hyderabad (HYD),Pune,"16:20
+ 1 day",07:40,32h 40m,2 Stop(s),"15,848"
101,Vistara,"Sun, 14 Nov 2021",Hyderabad (HYD),Pune,"16:20
+ 1 day",07:40,32h 40m,2 Stop(s),"15,848"
102,Vistara,"Sun, 14 Nov 2021",Hyderabad (HYD),Pune,"16:20
+ 1 day",07:40,32h 40m,2 Stop(s),"15,848"
103,Vistara,"Sun, 14 Nov 2021",Hyderabad (HYD),Pune,"16:20
+ 1 day",07:40,32h 40m,2 Stop(s),"15,848"
104,Vistara,"Sun, 14 Nov 2021",Hyderabad (HYD),Pune,"18:35
+ 1 day",07:40,34h 55m,2 Stop(s),"15,848"
105,Vistara,"Sun, 14 Nov 2021",Hyderabad (HYD),Pune,"18:35
+ 1 day",07:40,34h 55m,2 Stop(s),"15,848"
106,Vistara,"Sun, 14 Nov 2021",Hyderabad (HYD),Pune,"18:35
+ 1 day",07:40,34h 55m,2 Stop(s),"15,848"
107,Vistara,"Sun, 14 Nov 2021",Hyderabad (HYD),Pune,"18:35
+ 1 day",07:40,34h 55m,2 Stop(s),"15,848"
108,Vistara,"Sun, 14 Nov 2021",Hyderabad (HYD),Pune,"12:35
+ 1 day",21:35,15h 00m,2 Stop(s),"16,371"
109,Vistara,"Sun, 14 Nov 2021",Hyderabad (HYD),Pune,18:35,08:20,10h 15m,2 Stop(s),"16,476"
110,Air India,"Sun, 14 Nov 2021",Hyderabad (HYD),Pune,"08:05
+ 1 day",06:30,25h 35m,2 Stop(s),"16,857"
111,Vistara,"Sun, 14 Nov 2021",Hyderabad (HYD),Pune,"12:35
+ 1 day",21:35,15h 00m,2 Stop(s),"17,106"
112,Vistara,"Sun, 14 Nov 2021",Hyderabad (HYD),Pune,19:40,08:20,11h 20m,2 Stop(s),"17,316"
113,Vistara,"Sun, 14 Nov 2021",Hyderabad (HYD),Pune,19:40,07:40,12h 00m,2 Stop(s),"17,360"
114,Air India,"Sun, 14 Nov 2021",Hyderabad (HYD),Pune,"18:10
+ 1 day",22:15,19h 55m,2 Stop(s),"17,759"
115,Air India,"Sun, 14 Nov 2021",Hyderabad (HYD),Pune,18:10,11:15,6h 55m,1 Stop,"18,733"
116,Air India,"Sun, 14 Nov 2021",Hyderabad (HYD),Pune,18:10,06:40,11h 30m,1 Stop,"18,733"
117,Air India,"Sun, 14 Nov 2021",Hyderabad (HYD),Pune,"08:05
+ 1 day",13:15,18h 50m,3 Stop(s),"20,781"
118,Air India,"Sun, 14 Nov 2021",Hyderabad (HYD),Pune,"08:05
+ 1 day",13:05,19h 00m,3 Stop(s),"21,043"
119,Air India,"Sun, 14 Nov 2021",Hyderabad (HYD),Pune,18:10,06:30,11h 40m,2 Stop(s),"24,508"
120,Air India,"Sun, 14 Nov 2021",Hyderabad (HYD),Pune,18:10,06:00,12h 10m,2 Stop(s),"24,928"
121,Go First,"Tue, 16 Nov 2021",Hyderabad (HYD),Pune,19:00,05:15,13h 45m,1 Stop,"2,961"
122,Go First,"Tue, 16 Nov 2021",Hyderabad (HYD),Pune,18:15,05:15,13h 00m,1 Stop,"3,066"
123,IndiGo,"Tue, 16 Nov 2021",Hyderabad (HYD),Pune,12:50,08:15,4h 35m,1 Stop,"3,274"
124,IndiGo,"Tue, 16 Nov 2021",Hyderabad (HYD),Pune,10:40,05:35,5h 05m,1 Stop,"3,274"
125,IndiGo,"Tue, 16 Nov 2021",Hyderabad (HYD),Pune,17:45,12:00,5h 45m,1 Stop,"3,274"
126,IndiGo,"Tue, 16 Nov 2021",Hyderabad (HYD),Pune,12:50,06:45,6h 05m,1 Stop,"3,274"
127,IndiGo,"Tue, 16 Nov 2021",Hyderabad (HYD),Pune,12:50,05:35,7h 15m,1 Stop,"3,274"
128,IndiGo,"Tue, 16 Nov 2021",Hyderabad (HYD),Pune,17:45,09:30,8h 15m,1 Stop,"3,274"
129,IndiGo,"Tue, 16 Nov 2021",Hyderabad (HYD),Pune,17:45,08:15,9h 30m,1 Stop,"3,274"
130,IndiGo,"Tue, 16 Nov 2021",Hyderabad (HYD),Pune,17:45,06:45,11h 00m,1 Stop,"3,274"
131,Air Asia,"Tue, 16 Nov 2021",Hyderabad (HYD),Pune,14:25,00:45,13h 40m,1 Stop,"3,454"
132,IndiGo,"Tue, 16 Nov 2021",Hyderabad (HYD),Pune,"10:40
+ 1 day",23:50,10h 50m,1 Stop,"3,489"
133,Go First,"Tue, 16 Nov 2021",Hyderabad (HYD),Pune,"00:45
+ 1 day",20:45,4h 00m,1 Stop,"3,736"
134,Go First,"Tue, 16 Nov 2021",Hyderabad (HYD),Pune,"08:30
+ 1 day",20:45,11h 45m,1 Stop,"3,736"
135,IndiGo,"Tue, 16 Nov 2021",Hyderabad (HYD),Pune,15:05,13:55,1h 10m,Non Stop,"4,032"
136,IndiGo,"Tue, 16 Nov 2021",Hyderabad (HYD),Pune,16:45,15:25,1h 20m,Non Stop,"4,032"
137,IndiGo,"Tue, 16 Nov 2021",Hyderabad (HYD),Pune,09:20,07:55,1h 25m,Non Stop,"4,032"
138,SpiceJet,"Tue, 16 Nov 2021",Hyderabad (HYD),Pune,14:50,13:20,1h 30m,Non Stop,"4,032"
139,IndiGo,"Tue, 16 Nov 2021",Hyderabad (HYD),Pune,10:35,06:35,4h 00m,1 Stop,"4,032"
140,IndiGo,"Tue, 16 Nov 2021",Hyderabad (HYD),Pune,10:35,04:40,5h 55m,1 Stop,"4,032"
141,IndiGo,"Tue, 16 Nov 2021",Hyderabad (HYD),Pune,15:10,08:05,7h 05m,1 Stop,"4,032"
142,IndiGo,"Tue, 16 Nov 2021",Hyderabad (HYD),Pune,13:10,05:50,7h 20m,1 Stop,"4,032"
143,Go First,"Tue, 16 Nov 2021",Hyderabad (HYD),Pune,22:45,16:00,6h 45m,1 Stop,"4,609"
144,IndiGo,"Tue, 16 Nov 2021",Hyderabad (HYD),Pune,19:45,12:00,7h 45m,1 Stop,"4,952"
145,IndiGo,"Tue, 16 Nov 2021",Hyderabad (HYD),Pune,19:45,09:30,10h 15m,1 Stop,"4,952"
146,IndiGo,"Tue, 16 Nov 2021",Hyderabad (HYD),Pune,13:25,06:35,6h 50m,1 Stop,"5,044"
147,IndiGo,"Tue, 16 Nov 2021",Hyderabad (HYD),Pune,13:25,04:40,8h 45m,1 Stop,"5,044"
148,Air India,"Tue, 16 Nov 2021",Hyderabad (HYD),Pune,"12:05
+ 1 day",11:15,24h 50m,2 Stop(s),"5,703"
149,Air India,"Tue, 16 Nov 2021",Hyderabad (HYD),Pune,"12:05
+ 1 day",16:15,19h 50m,2 Stop(s),"6,123"
150,Air India,"Tue, 16 Nov 2021",Hyderabad (HYD),Pune,"12:05
+ 1 day",06:40,29h 25m,2 Stop(s),"6,123"
151,Air India,"Tue, 16 Nov 2021",Hyderabad (HYD),Pune,"08:05
+ 1 day",11:15,20h 50m,1 Stop,"6,228"
152,Go First,"Tue, 16 Nov 2021",Hyderabad (HYD),Pune,"10:45
+ 1 day",22:20,12h 25m,1 Stop,"6,520"
153,Vistara,"Tue, 16 Nov 2021",Hyderabad (HYD),Pune,"12:35
+ 1 day",20:25,16h 10m,1 Stop,"6,634"
154,Vistara,"Tue, 16 Nov 2021",Hyderabad (HYD),Pune,"12:35
+ 1 day",17:40,18h 55m,1 Stop,"6,634"
155,Vistara,"Tue, 16 Nov 2021",Hyderabad (HYD),Pune,"16:20
+ 1 day",20:25,19h 55m,1 Stop,"6,634"
156,Vistara,"Tue, 16 Nov 2021",Hyderabad (HYD),Pune,"18:35
+ 1 day",20:25,22h 10m,1 Stop,"6,634"
157,Vistara,"Tue, 16 Nov 2021",Hyderabad (HYD),Pune,"16:20
+ 1 day",17:40,22h 40m,1 Stop,"6,634"
158,Vistara,"Tue, 16 Nov 2021",Hyderabad (HYD),Pune,"18:35
+ 1 day",17:40,24h 55m,1 Stop,"6,634"
159,Vistara,"Tue, 16 Nov 2021",Hyderabad (HYD),Pune,"12:35
+ 1 day",10:05,26h 30m,1 Stop,"6,634"
160,Air India,"Tue, 16 Nov 2021",Hyderabad (HYD),Pune,"08:05
+ 1 day",16:15,15h 50m,1 Stop,"6,648"
161,Air India,"Tue, 16 Nov 2021",Hyderabad (HYD),Pune,"08:05
+ 1 day",06:40,25h 25m,1 Stop,"6,648"
162,Air India,"Tue, 16 Nov 2021",Hyderabad (HYD),Pune,"18:10
+ 1 day",16:15,25h 55m,1 Stop,"6,648"
163,IndiGo,"Tue, 16 Nov 2021",Hyderabad (HYD),Pune,15:40,09:40,6h 00m,1 Stop,"6,711"
164,IndiGo,"Tue, 16 Nov 2021",Hyderabad (HYD),Pune,13:15,05:00,8h 15m,1 Stop,"6,711"
165,IndiGo,"Tue, 16 Nov 2021",Hyderabad (HYD),Pune,15:40,05:00,10h 40m,1 Stop,"6,711"
166,IndiGo,"Tue, 16 Nov 2021",Hyderabad (HYD),Pune,17:15,09:55,7h 20m,1 Stop,"6,738"
167,IndiGo,"Tue, 16 Nov 2021",Hyderabad (HYD),Pune,17:15,06:35,10h 40m,1 Stop,"6,738"
168,IndiGo,"Tue, 16 Nov 2021",Hyderabad (HYD),Pune,13:40,08:20,5h 20m,1 Stop,"6,946"
169,IndiGo,"Tue, 16 Nov 2021",Hyderabad (HYD),Pune,13:15,07:00,6h 15m,1 Stop,"7,026"
170,IndiGo,"Tue, 16 Nov 2021",Hyderabad (HYD),Pune,15:40,07:00,8h 40m,1 Stop,"7,026"
171,IndiGo,"Tue, 16 Nov 2021",Hyderabad (HYD),Pune,"10:30
+ 1 day",22:30,12h 00m,1 Stop,"7,026"
172,Go First,"Tue, 16 Nov 2021",Hyderabad (HYD),Pune,22:25,08:20,14h 05m,1 Stop,"7,085"
173,IndiGo,"Tue, 16 Nov 2021",Hyderabad (HYD),Pune,16:40,12:45,3h 55m,1 Stop,"7,431"
174,Air India,"Tue, 16 Nov 2021",Hyderabad (HYD),Pune,18:10,11:15,6h 55m,1 Stop,"7,803"
175,Air India,"Tue, 16 Nov 2021",Hyderabad (HYD),Pune,18:10,06:40,11h 30m,1 Stop,"8,223"
176,Air India,"Tue, 16 Nov 2021",Hyderabad (HYD),Pune,"18:10
+ 1 day",20:45,21h 25m,2 Stop(s),"8,771"
177,Go First,"Tue, 16 Nov 2021",Hyderabad (HYD),Pune,18:40,10:20,8h 20m,1 Stop,"8,847"
178,IndiGo,"Tue, 16 Nov 2021",Hyderabad (HYD),Pune,16:10,07:15,8h 55m,1 Stop,"8,909"
179,Air India,"Tue, 16 Nov 2021",Hyderabad (HYD),Pune,18:10,06:30,11h 40m,2 Stop(s),"8,996"
180,Vistara,"Tue, 16 Nov 2021",Hyderabad (HYD),Pune,"12:35
+ 1 day",07:40,28h 55m,2 Stop(s),"9,004"
181,Vistara,"Tue, 16 Nov 2021",Hyderabad (HYD),Pune,"12:35
+ 1 day",07:40,28h 55m,2 Stop(s),"9,004"
182,Vistara,"Tue, 16 Nov 2021",Hyderabad (HYD),Pune,"12:35
+ 1 day",07:40,28h 55m,2 Stop(s),"9,004"
183,Vistara,"Tue, 16 Nov 2021",Hyderabad (HYD),Pune,"12:35
+ 1 day",07:40,28h 55m,2 Stop(s),"9,004"
184,Vistara,"Tue, 16 Nov 2021",Hyderabad (HYD),Pune,"12:35
+ 1 day",07:40,28h 55m,2 Stop(s),"9,004"
185,Vistara,"Tue, 16 Nov 2021",Hyderabad (HYD),Pune,"12:35
+ 1 day",07:40,28h 55m,2 Stop(s),"9,004"
186,Vistara,"Tue, 16 Nov 2021",Hyderabad (HYD),Pune,"16:20
+ 1 day",07:40,32h 40m,2 Stop(s),"9,004"
187,Vistara,"Tue, 16 Nov 2021",Hyderabad (HYD),Pune,"16:20
+ 1 day",07:40,32h 40m,2 Stop(s),"9,004"
188,Vistara,"Tue, 16 Nov 2021",Hyderabad (HYD),Pune,"16:20
+ 1 day",07:40,32h 40m,2 Stop(s),"9,004"
189,Vistara,"Tue, 16 Nov 2021",Hyderabad (HYD),Pune,"16:20
+ 1 day",07:40,32h 40m,2 Stop(s),"9,004"
190,Vistara,"Tue, 16 Nov 2021",Hyderabad (HYD),Pune,"16:20
+ 1 day",07:40,32h 40m,2 Stop(s),"9,004"
191,Air India,"Tue, 16 Nov 2021",Hyderabad (HYD),Pune,"08:05
+ 1 day",13:05,19h 00m,3 Stop(s),"9,556"
192,Vistara,"Tue, 16 Nov 2021",Hyderabad (HYD),Pune,12:35,07:00,5h 35m,1 Stop,"9,647"
193,Vistara,"Tue, 16 Nov 2021",Hyderabad (HYD),Pune,16:20,10:05,6h 15m,1 Stop,"9,647"
194,Vistara,"Tue, 16 Nov 2021",Hyderabad (HYD),Pune,18:35,10:05,8h 30m,1 Stop,"9,647"
195,Vistara,"Tue, 16 Nov 2021",Hyderabad (HYD),Pune,16:20,07:00,9h 20m,1 Stop,"9,647"
196,Vistara,"Tue, 16 Nov 2021",Hyderabad (HYD),Pune,19:40,10:05,9h 35m,1 Stop,"9,647"
197,Vistara,"Tue, 16 Nov 2021",Hyderabad (HYD),Pune,18:35,07:00,11h 35m,1 Stop,"9,647"
198,Vistara,"Tue, 16 Nov 2021",Hyderabad (HYD),Pune,19:40,07:00,12h 40m,1 Stop,"9,647"
199,Vistara,"Tue, 16 Nov 2021",Hyderabad (HYD),Pune,"19:40
+ 1 day",20:25,23h 15m,1 Stop,"9,647"
200,Vistara,"Tue, 16 Nov 2021",Hyderabad (HYD),Pune,"19:40
+ 1 day",17:40,26h 00m,1 Stop,"9,647"
201,Air India,"Tue, 16 Nov 2021",Hyderabad (HYD),Pune,18:10,06:00,12h 10m,2 Stop(s),"11,656"
202,Vistara,"Tue, 16 Nov 2021",Hyderabad (HYD),Pune,"12:35
+ 1 day",21:35,15h 00m,2 Stop(s),"11,842"
203,Vistara,"Tue, 16 Nov 2021",Hyderabad (HYD),Pune,"12:35
+ 1 day",21:35,15h 00m,2 Stop(s),"11,842"
204,Vistara,"Tue, 16 Nov 2021",Hyderabad (HYD),Pune,16:20,07:40,8h 40m,2 Stop(s),"12,017"
205,Vistara,"Tue, 16 Nov 2021",Hyderabad (HYD),Pune,18:35,07:40,10h 55m,2 Stop(s),"12,017"
206,Vistara,"Tue, 16 Nov 2021",Hyderabad (HYD),Pune,18:35,07:40,10h 55m,2 Stop(s),"12,017"
207,Vistara,"Tue, 16 Nov 2021",Hyderabad (HYD),Pune,19:40,07:40,12h 00m,2 Stop(s),"12,017"
208,Vistara,"Tue, 16 Nov 2021",Hyderabad (HYD),Pune,19:40,07:40,12h 00m,2 Stop(s),"12,017"
209,Air India,"Tue, 16 Nov 2021",Hyderabad (HYD),Pune,"08:05
+ 1 day",13:15,18h 50m,3 Stop(s),"12,301"
210,Vistara,"Tue, 16 Nov 2021",Hyderabad (HYD),Pune,18:35,08:20,10h 15m,2 Stop(s),"14,960"
211,Vistara,"Tue, 16 Nov 2021",Hyderabad (HYD),Pune,19:40,08:20,11h 20m,2 Stop(s),"14,960"
212,Air India,"Tue, 16 Nov 2021",Hyderabad (HYD),Pune,"12:15
+ 1 day",16:15,20h 00m,3 Stop(s),"16,738"
213,IndiGo,"Tue, 16 Nov 2021",Hyderabad (HYD),Pune,18:45,09:40,9h 05m,1 Stop,"17,631"
214,IndiGo,"Tue, 16 Nov 2021",Hyderabad (HYD),Pune,18:45,07:00,11h 45m,1 Stop,"17,946"
