,Airline,Date_of_journey,Departure,Arrival,Arr_time,Dep_time,Duration,Total_stops,Price
0,Air India,"Fri, 26 Nov 2021",Mumbai (BOM),Kolkata,12:10,07:55,4h 15m,1 Stop,"3,707"
1,IndiGo,"Fri, 26 Nov 2021",Mumbai (BOM),Kolkata,"00:30
+ 1 day",18:30,6h 00m,1 Stop,"3,707"
2,IndiGo,"Fri, 26 Nov 2021",Mumbai (BOM),Kolkata,"00:30
+ 1 day",17:10,7h 20m,1 Stop,"3,707"
3,IndiGo,"Fri, 26 Nov 2021",Mumbai (BOM),Kolkata,"06:05
+ 1 day",19:55,10h 10m,1 Stop,"3,707"
4,IndiGo,"Fri, 26 Nov 2021",Mumbai (BOM),Kolkata,"06:05
+ 1 day",18:30,11h 35m,1 Stop,"3,707"
5,IndiGo,"Fri, 26 Nov 2021",Mumbai (BOM),Kolkata,"00:30
+ 1 day",12:45,11h 45m,1 Stop,"3,707"
6,IndiGo,"Fri, 26 Nov 2021",Mumbai (BOM),Kolkata,13:20,06:15,7h 05m,1 Stop,"3,894"
7,IndiGo,"Fri, 26 Nov 2021",Mumbai (BOM),Kolkata,13:20,07:10,6h 10m,1 Stop,"4,104"
8,IndiGo,"Fri, 26 Nov 2021",Mumbai (BOM),Kolkata,"00:30
+ 1 day",16:20,8h 10m,1 Stop,"4,104"
9,Air India,"Fri, 26 Nov 2021",Mumbai (BOM),Kolkata,08:50,06:10,2h 40m,Non Stop,"4,213"
10,Air India,"Fri, 26 Nov 2021",Mumbai (BOM),Kolkata,13:55,05:20,8h 35m,1 Stop,"4,247"
11,Air India,"Fri, 26 Nov 2021",Mumbai (BOM),Kolkata,"08:05
+ 1 day",20:15,11h 50m,1 Stop,"4,358"
12,Air India,"Fri, 26 Nov 2021",Mumbai (BOM),Kolkata,"16:00
+ 1 day",20:15,19h 45m,2 Stop(s),"4,358"
13,Air India,"Fri, 26 Nov 2021",Mumbai (BOM),Kolkata,"08:05
+ 1 day",05:45,26h 20m,1 Stop,"4,358"
14,SpiceJet,"Fri, 26 Nov 2021",Mumbai (BOM),Kolkata,09:00,06:15,2h 45m,Non Stop,"4,467"
15,SpiceJet,"Fri, 26 Nov 2021",Mumbai (BOM),Kolkata,20:45,18:00,2h 45m,Non Stop,"4,467"
16,Go First,"Fri, 26 Nov 2021",Mumbai (BOM),Kolkata,07:30,05:00,2h 30m,Non Stop,"4,468"
17,Go First,"Fri, 26 Nov 2021",Mumbai (BOM),Kolkata,23:50,21:00,2h 50m,Non Stop,"4,468"
18,IndiGo,"Fri, 26 Nov 2021",Mumbai (BOM),Kolkata,23:45,21:20,2h 25m,Non Stop,"4,500"
19,IndiGo,"Fri, 26 Nov 2021",Mumbai (BOM),Kolkata,03:00,00:30,2h 30m,Non Stop,"4,500"
20,SpiceJet,"Fri, 26 Nov 2021",Mumbai (BOM),Kolkata,20:50,06:00,14h 50m,1 Stop,"4,556"
21,SpiceJet,"Fri, 26 Nov 2021",Mumbai (BOM),Kolkata,"20:50
+ 1 day",19:30,25h 20m,1 Stop,"4,556"
22,Vistara,"Fri, 26 Nov 2021",Mumbai (BOM),Kolkata,09:45,07:05,2h 40m,Non Stop,"4,600"
23,Vistara,"Fri, 26 Nov 2021",Mumbai (BOM),Kolkata,16:55,14:00,2h 55m,Non Stop,"4,600"
24,IndiGo,"Fri, 26 Nov 2021",Mumbai (BOM),Kolkata,20:15,15:50,4h 25m,1 Stop,"4,808"
25,IndiGo,"Fri, 26 Nov 2021",Mumbai (BOM),Kolkata,22:40,17:10,5h 30m,1 Stop,"4,808"
26,IndiGo,"Fri, 26 Nov 2021",Mumbai (BOM),Kolkata,22:45,15:05,7h 40m,1 Stop,"4,808"
27,IndiGo,"Fri, 26 Nov 2021",Mumbai (BOM),Kolkata,22:40,12:45,9h 55m,1 Stop,"4,808"
28,Go First,"Fri, 26 Nov 2021",Mumbai (BOM),Kolkata,"07:55
+ 1 day",18:30,13h 25m,1 Stop,"4,949"
29,IndiGo,"Fri, 26 Nov 2021",Mumbai (BOM),Kolkata,20:10,17:40,2h 30m,Non Stop,"4,998"
30,IndiGo,"Fri, 26 Nov 2021",Mumbai (BOM),Kolkata,09:05,06:30,2h 35m,Non Stop,"4,998"
31,IndiGo,"Fri, 26 Nov 2021",Mumbai (BOM),Kolkata,15:35,12:55,2h 40m,Non Stop,"4,998"
32,Air India,"Fri, 26 Nov 2021",Mumbai (BOM),Kolkata,23:15,20:30,2h 45m,Non Stop,"5,053"
33,Go First,"Fri, 26 Nov 2021",Mumbai (BOM),Kolkata,16:30,06:05,10h 25m,1 Stop,"5,168"
34,Air Asia,"Fri, 26 Nov 2021",Mumbai (BOM),Kolkata,08:05,02:35,5h 30m,1 Stop,"5,191"
35,Go First,"Fri, 26 Nov 2021",Mumbai (BOM),Kolkata,16:30,11:20,5h 10m,1 Stop,"5,229"
36,IndiGo,"Fri, 26 Nov 2021",Mumbai (BOM),Kolkata,19:15,12:45,6h 30m,1 Stop,"5,313"
37,IndiGo,"Fri, 26 Nov 2021",Mumbai (BOM),Kolkata,19:15,10:45,8h 30m,1 Stop,"5,313"
38,Go First,"Fri, 26 Nov 2021",Mumbai (BOM),Kolkata,21:15,15:15,6h 00m,1 Stop,"5,900"
39,IndiGo,"Fri, 26 Nov 2021",Mumbai (BOM),Kolkata,17:25,09:20,8h 05m,1 Stop,"5,909"
40,IndiGo,"Fri, 26 Nov 2021",Mumbai (BOM),Kolkata,22:55,16:15,6h 40m,1 Stop,"5,913"
41,IndiGo,"Fri, 26 Nov 2021",Mumbai (BOM),Kolkata,"07:40
+ 1 day",21:30,10h 10m,1 Stop,"5,913"
42,Air Asia,"Fri, 26 Nov 2021",Mumbai (BOM),Kolkata,21:05,13:05,8h 00m,1 Stop,"5,924"
43,Air Asia,"Fri, 26 Nov 2021",Mumbai (BOM),Kolkata,"01:25
+ 1 day",13:05,12h 20m,1 Stop,"5,924"
44,Air Asia,"Fri, 26 Nov 2021",Mumbai (BOM),Kolkata,"01:35
+ 1 day",13:05,12h 30m,1 Stop,"5,924"
45,Air India,"Fri, 26 Nov 2021",Mumbai (BOM),Kolkata,"08:20
+ 1 day",09:30,22h 50m,1 Stop,"6,120"
46,IndiGo,"Fri, 26 Nov 2021",Mumbai (BOM),Kolkata,22:25,16:55,5h 30m,1 Stop,"6,134"
47,Go First,"Fri, 26 Nov 2021",Mumbai (BOM),Kolkata,21:45,12:15,9h 30m,1 Stop,"6,226"
48,Go First,"Fri, 26 Nov 2021",Mumbai (BOM),Kolkata,21:45,09:55,11h 50m,1 Stop,"6,226"
49,IndiGo,"Fri, 26 Nov 2021",Mumbai (BOM),Kolkata,22:40,16:20,6h 20m,1 Stop,"6,240"
50,Air Asia,"Fri, 26 Nov 2021",Mumbai (BOM),Kolkata,"07:10
+ 1 day",22:55,8h 15m,1 Stop,"6,280"
51,Air Asia,"Fri, 26 Nov 2021",Mumbai (BOM),Kolkata,19:15,07:20,11h 55m,1 Stop,"6,280"
52,Air Asia,"Fri, 26 Nov 2021",Mumbai (BOM),Kolkata,23:10,07:20,15h 50m,1 Stop,"6,280"
53,Air India,"Fri, 26 Nov 2021",Mumbai (BOM),Kolkata,"08:20
+ 1 day",16:45,15h 35m,1 Stop,"6,335"
54,Go First,"Fri, 26 Nov 2021",Mumbai (BOM),Kolkata,"08:00
+ 1 day",22:40,9h 20m,1 Stop,"6,376"
55,Air India,"Fri, 26 Nov 2021",Mumbai (BOM),Kolkata,19:10,07:05,12h 05m,2 Stop(s),"6,486"
56,Go First,"Fri, 26 Nov 2021",Mumbai (BOM),Kolkata,21:45,13:30,8h 15m,1 Stop,"6,522"
57,IndiGo,"Fri, 26 Nov 2021",Mumbai (BOM),Kolkata,10:15,07:35,2h 40m,Non Stop,"6,573"
58,Air India,"Fri, 26 Nov 2021",Mumbai (BOM),Kolkata,"09:00
+ 1 day",15:25,17h 35m,2 Stop(s),"6,591"
59,Air India,"Fri, 26 Nov 2021",Mumbai (BOM),Kolkata,"19:10
+ 1 day",15:25,27h 45m,2 Stop(s),"6,591"
60,Go First,"Fri, 26 Nov 2021",Mumbai (BOM),Kolkata,"08:00
+ 1 day",23:45,8h 15m,1 Stop,"6,659"
61,Go First,"Fri, 26 Nov 2021",Mumbai (BOM),Kolkata,"08:00
+ 1 day",21:15,10h 45m,1 Stop,"6,659"
62,Go First,"Fri, 26 Nov 2021",Mumbai (BOM),Kolkata,11:35,05:45,5h 50m,1 Stop,"6,678"
63,Go First,"Fri, 26 Nov 2021",Mumbai (BOM),Kolkata,"08:40
+ 1 day",22:40,10h 00m,1 Stop,"6,756"
64,Air India,"Fri, 26 Nov 2021",Mumbai (BOM),Kolkata,19:10,08:00,11h 10m,1 Stop,"6,906"
65,Air India,"Fri, 26 Nov 2021",Mumbai (BOM),Kolkata,19:10,07:00,12h 10m,1 Stop,"6,906"
66,Air India,"Fri, 26 Nov 2021",Mumbai (BOM),Kolkata,22:20,07:05,15h 15m,2 Stop(s),"6,906"
67,Air India,"Fri, 26 Nov 2021",Mumbai (BOM),Kolkata,"09:00
+ 1 day",07:05,25h 55m,2 Stop(s),"6,906"
68,Go First,"Fri, 26 Nov 2021",Mumbai (BOM),Kolkata,"08:00
+ 1 day",20:15,11h 45m,1 Stop,"6,955"
69,IndiGo,"Fri, 26 Nov 2021",Mumbai (BOM),Kolkata,22:25,13:45,8h 40m,1 Stop,"7,011"
70,IndiGo,"Fri, 26 Nov 2021",Mumbai (BOM),Kolkata,20:15,09:20,10h 55m,1 Stop,"7,180"
71,IndiGo,"Fri, 26 Nov 2021",Mumbai (BOM),Kolkata,18:05,12:20,5h 45m,1 Stop,"7,268"
72,IndiGo,"Fri, 26 Nov 2021",Mumbai (BOM),Kolkata,22:25,12:20,10h 05m,1 Stop,"7,268"
73,Air India,"Fri, 26 Nov 2021",Mumbai (BOM),Kolkata,22:20,16:00,6h 20m,1 Stop,"7,326"
74,Air India,"Fri, 26 Nov 2021",Mumbai (BOM),Kolkata,"09:00
+ 1 day",19:00,14h 00m,1 Stop,"7,326"
75,Air India,"Fri, 26 Nov 2021",Mumbai (BOM),Kolkata,22:20,08:00,14h 20m,1 Stop,"7,326"
76,Air India,"Fri, 26 Nov 2021",Mumbai (BOM),Kolkata,"09:00
+ 1 day",18:00,15h 00m,1 Stop,"7,326"
77,Air India,"Fri, 26 Nov 2021",Mumbai (BOM),Kolkata,22:20,07:00,15h 20m,1 Stop,"7,326"
78,Air India,"Fri, 26 Nov 2021",Mumbai (BOM),Kolkata,"09:00
+ 1 day",16:00,17h 00m,1 Stop,"7,326"
79,Air India,"Fri, 26 Nov 2021",Mumbai (BOM),Kolkata,"19:10
+ 1 day",19:00,24h 10m,1 Stop,"7,326"
80,Air India,"Fri, 26 Nov 2021",Mumbai (BOM),Kolkata,"09:00
+ 1 day",08:00,25h 00m,1 Stop,"7,326"
81,Air India,"Fri, 26 Nov 2021",Mumbai (BOM),Kolkata,"19:10
+ 1 day",18:00,25h 10m,1 Stop,"7,326"
82,Air India,"Fri, 26 Nov 2021",Mumbai (BOM),Kolkata,"09:00
+ 1 day",07:00,26h 00m,1 Stop,"7,326"
83,Air India,"Fri, 26 Nov 2021",Mumbai (BOM),Kolkata,"19:10
+ 1 day",16:00,27h 10m,1 Stop,"7,326"
84,Air India,"Fri, 26 Nov 2021",Mumbai (BOM),Kolkata,"16:00
+ 1 day",15:25,24h 35m,4 Stop(s),"7,336"
85,Air India,"Fri, 26 Nov 2021",Mumbai (BOM),Kolkata,"16:00
+ 1 day",15:25,24h 35m,4 Stop(s),"7,336"
86,IndiGo,"Fri, 26 Nov 2021",Mumbai (BOM),Kolkata,22:25,18:30,3h 55m,1 Stop,"7,425"
87,IndiGo,"Fri, 26 Nov 2021",Mumbai (BOM),Kolkata,19:40,11:10,8h 30m,1 Stop,"7,523"
88,IndiGo,"Fri, 26 Nov 2021",Mumbai (BOM),Kolkata,21:50,11:10,10h 40m,1 Stop,"7,523"
89,Air India,"Fri, 26 Nov 2021",Mumbai (BOM),Kolkata,"08:05
+ 1 day",15:25,16h 40m,3 Stop(s),"7,756"
90,Air India,"Fri, 26 Nov 2021",Mumbai (BOM),Kolkata,"16:00
+ 1 day",19:00,21h 00m,3 Stop(s),"8,071"
91,Air India,"Fri, 26 Nov 2021",Mumbai (BOM),Kolkata,"16:00
+ 1 day",19:00,21h 00m,3 Stop(s),"8,071"
92,Air India,"Fri, 26 Nov 2021",Mumbai (BOM),Kolkata,"16:00
+ 1 day",18:00,22h 00m,3 Stop(s),"8,071"
93,Air India,"Fri, 26 Nov 2021",Mumbai (BOM),Kolkata,"16:00
+ 1 day",18:00,22h 00m,3 Stop(s),"8,071"
94,Air India,"Fri, 26 Nov 2021",Mumbai (BOM),Kolkata,"16:00
+ 1 day",16:00,24h 00m,3 Stop(s),"8,071"
95,Air India,"Fri, 26 Nov 2021",Mumbai (BOM),Kolkata,"16:00
+ 1 day",16:00,24h 00m,3 Stop(s),"8,071"
96,IndiGo,"Fri, 26 Nov 2021",Mumbai (BOM),Kolkata,14:35,10:00,4h 35m,1 Stop,"8,148"
97,Vistara,"Fri, 26 Nov 2021",Mumbai (BOM),Kolkata,19:35,07:05,12h 30m,2 Stop(s),"8,250"
98,Air India,"Fri, 26 Nov 2021",Mumbai (BOM),Kolkata,21:05,09:50,11h 15m,2 Stop(s),"8,287"
99,Air India,"Fri, 26 Nov 2021",Mumbai (BOM),Kolkata,"08:05
+ 1 day",16:00,16h 05m,2 Stop(s),"8,491"
100,Go First,"Fri, 26 Nov 2021",Mumbai (BOM),Kolkata,21:15,10:45,10h 30m,1 Stop,"8,612"
101,Air India,"Fri, 26 Nov 2021",Mumbai (BOM),Kolkata,22:20,05:45,16h 35m,2 Stop(s),"9,010"
102,Air India,"Fri, 26 Nov 2021",Mumbai (BOM),Kolkata,"08:05
+ 1 day",10:00,22h 05m,2 Stop(s),"9,016"
103,IndiGo,"Fri, 26 Nov 2021",Mumbai (BOM),Kolkata,20:55,11:40,9h 15m,1 Stop,"9,214"
104,Vistara,"Fri, 26 Nov 2021",Mumbai (BOM),Kolkata,22:45,15:45,7h 00m,1 Stop,"9,753"
105,Vistara,"Fri, 26 Nov 2021",Mumbai (BOM),Kolkata,19:35,11:55,7h 40m,1 Stop,"9,753"
106,Vistara,"Fri, 26 Nov 2021",Mumbai (BOM),Kolkata,22:45,14:40,8h 05m,1 Stop,"9,753"
107,Vistara,"Fri, 26 Nov 2021",Mumbai (BOM),Kolkata,19:35,10:25,9h 10m,1 Stop,"9,753"
108,Vistara,"Fri, 26 Nov 2021",Mumbai (BOM),Kolkata,"08:20
+ 1 day",22:45,9h 35m,1 Stop,"9,753"
109,Vistara,"Fri, 26 Nov 2021",Mumbai (BOM),Kolkata,"08:20
+ 1 day",21:55,10h 25m,1 Stop,"9,753"
110,Vistara,"Fri, 26 Nov 2021",Mumbai (BOM),Kolkata,19:35,08:45,10h 50m,1 Stop,"9,753"
111,Vistara,"Fri, 26 Nov 2021",Mumbai (BOM),Kolkata,22:45,11:55,10h 50m,1 Stop,"9,753"
112,Vistara,"Fri, 26 Nov 2021",Mumbai (BOM),Kolkata,"09:35
+ 1 day",22:45,10h 50m,1 Stop,"9,753"
113,Vistara,"Fri, 26 Nov 2021",Mumbai (BOM),Kolkata,"09:35
+ 1 day",21:55,11h 40m,1 Stop,"9,753"
114,Vistara,"Fri, 26 Nov 2021",Mumbai (BOM),Kolkata,19:35,07:30,12h 05m,1 Stop,"9,753"
115,Vistara,"Fri, 26 Nov 2021",Mumbai (BOM),Kolkata,22:45,10:25,12h 20m,1 Stop,"9,753"
116,Vistara,"Fri, 26 Nov 2021",Mumbai (BOM),Kolkata,19:35,06:30,13h 05m,1 Stop,"9,753"
117,Vistara,"Fri, 26 Nov 2021",Mumbai (BOM),Kolkata,"08:20
+ 1 day",20:55,11h 25m,1 Stop,"9,858"
118,Vistara,"Fri, 26 Nov 2021",Mumbai (BOM),Kolkata,"09:35
+ 1 day",20:55,12h 40m,1 Stop,"9,858"
119,Vistara,"Fri, 26 Nov 2021",Mumbai (BOM),Kolkata,22:45,17:30,5h 15m,1 Stop,"10,173"
120,Vistara,"Fri, 26 Nov 2021",Mumbai (BOM),Kolkata,"08:20
+ 1 day",19:45,12h 35m,1 Stop,"10,173"
121,Vistara,"Fri, 26 Nov 2021",Mumbai (BOM),Kolkata,19:35,06:00,13h 35m,1 Stop,"10,173"
122,Vistara,"Fri, 26 Nov 2021",Mumbai (BOM),Kolkata,19:35,09:05,10h 30m,2 Stop(s),"10,230"
123,Vistara,"Fri, 26 Nov 2021",Mumbai (BOM),Kolkata,19:35,12:15,7h 20m,2 Stop(s),"10,835"
124,Go First,"Fri, 26 Nov 2021",Mumbai (BOM),Kolkata,16:15,10:55,5h 20m,1 Stop,"11,697"
125,Vistara,"Fri, 26 Nov 2021",Mumbai (BOM),Kolkata,22:45,13:20,9h 25m,2 Stop(s),"12,305"
126,Vistara,"Fri, 26 Nov 2021",Mumbai (BOM),Kolkata,"19:35
+ 1 day",16:05,27h 30m,2 Stop(s),"12,430"
127,Vistara,"Fri, 26 Nov 2021",Mumbai (BOM),Kolkata,19:35,09:55,9h 40m,2 Stop(s),"14,020"
128,Vistara,"Fri, 26 Nov 2021",Mumbai (BOM),Kolkata,22:45,11:25,11h 20m,2 Stop(s),"17,156"
