,Airline,Date_of_journey,Departure,Arrival,Arr_time,Dep_time,Duration,Total_stops,Price
0,Air Asia,"Sun, 31 Oct 2021",New Delhi (DEL),Chennai,15:05,09:25,5h 40m,1 Stop,"7,423"
1,Air Asia,"Sun, 31 Oct 2021",New Delhi (DEL),Chennai,17:25,09:35,7h 50m,1 Stop,"7,423"
2,Air Asia,"Sun, 31 Oct 2021",New Delhi (DEL),Chennai,22:50,14:40,8h 10m,1 Stop,"7,423"
3,Air Asia,"Sun, 31 Oct 2021",New Delhi (DEL),Chennai,16:30,08:00,8h 30m,1 Stop,"7,423"
4,Air Asia,"Sun, 31 Oct 2021",New Delhi (DEL),Chennai,22:00,12:50,9h 10m,1 Stop,"7,423"
5,Air Asia,"Sun, 31 Oct 2021",New Delhi (DEL),Chennai,17:25,08:00,9h 25m,1 Stop,"7,423"
6,Air Asia,"Sun, 31 Oct 2021",New Delhi (DEL),Chennai,16:05,05:00,11h 05m,1 Stop,"7,423"
7,Air Asia,"Sun, 31 Oct 2021",New Delhi (DEL),Chennai,"08:30
+ 1 day",21:25,11h 05m,1 Stop,"7,423"
8,Air Asia,"Sun, 31 Oct 2021",New Delhi (DEL),Chennai,"08:35
+ 1 day",21:00,11h 35m,2 Stop(s),"7,423"
9,IndiGo,"Sun, 31 Oct 2021",New Delhi (DEL),Chennai,10:15,07:25,2h 50m,Non Stop,"7,425"
10,Vistara,"Sun, 31 Oct 2021",New Delhi (DEL),Chennai,16:20,13:30,2h 50m,Non Stop,"7,425"
11,IndiGo,"Sun, 31 Oct 2021",New Delhi (DEL),Chennai,23:20,20:30,2h 50m,Non Stop,"7,425"
12,SpiceJet,"Sun, 31 Oct 2021",New Delhi (DEL),Chennai,09:10,06:15,2h 55m,Non Stop,"7,425"
13,IndiGo,"Sun, 31 Oct 2021",New Delhi (DEL),Chennai,15:40,12:45,2h 55m,Non Stop,"7,425"
14,IndiGo,"Sun, 31 Oct 2021",New Delhi (DEL),Chennai,"00:25
+ 1 day",19:30,4h 55m,1 Stop,"7,425"
15,IndiGo,"Sun, 31 Oct 2021",New Delhi (DEL),Chennai,12:25,07:25,5h 00m,1 Stop,"7,425"
16,IndiGo,"Sun, 31 Oct 2021",New Delhi (DEL),Chennai,20:00,15:00,5h 00m,1 Stop,"7,425"
17,IndiGo,"Sun, 31 Oct 2021",New Delhi (DEL),Chennai,15:05,09:40,5h 25m,1 Stop,"7,425"
18,IndiGo,"Sun, 31 Oct 2021",New Delhi (DEL),Chennai,08:20,02:30,5h 50m,1 Stop,"7,425"
19,IndiGo,"Sun, 31 Oct 2021",New Delhi (DEL),Chennai,12:00,06:10,5h 50m,1 Stop,"7,425"
20,IndiGo,"Sun, 31 Oct 2021",New Delhi (DEL),Chennai,12:25,06:05,6h 20m,1 Stop,"7,425"
21,IndiGo,"Sun, 31 Oct 2021",New Delhi (DEL),Chennai,15:55,09:15,6h 40m,1 Stop,"7,425"
22,IndiGo,"Sun, 31 Oct 2021",New Delhi (DEL),Chennai,"00:25
+ 1 day",17:45,6h 40m,1 Stop,"7,425"
23,IndiGo,"Sun, 31 Oct 2021",New Delhi (DEL),Chennai,"05:55
+ 1 day",23:05,6h 50m,1 Stop,"7,425"
24,IndiGo,"Sun, 31 Oct 2021",New Delhi (DEL),Chennai,15:05,07:55,7h 10m,1 Stop,"7,425"
25,IndiGo,"Sun, 31 Oct 2021",New Delhi (DEL),Chennai,15:55,08:20,7h 35m,1 Stop,"7,425"
26,IndiGo,"Sun, 31 Oct 2021",New Delhi (DEL),Chennai,17:00,09:15,7h 45m,1 Stop,"7,425"
27,IndiGo,"Sun, 31 Oct 2021",New Delhi (DEL),Chennai,10:25,02:30,7h 55m,1 Stop,"7,425"
28,IndiGo,"Sun, 31 Oct 2021",New Delhi (DEL),Chennai,17:40,09:40,8h 00m,1 Stop,"7,425"
29,IndiGo,"Sun, 31 Oct 2021",New Delhi (DEL),Chennai,15:05,06:45,8h 20m,1 Stop,"7,425"
30,SpiceJet,"Sun, 31 Oct 2021",New Delhi (DEL),Chennai,"07:00
+ 1 day",22:10,8h 50m,1 Stop,"7,425"
31,SpiceJet,"Sun, 31 Oct 2021",New Delhi (DEL),Chennai,"07:00
+ 1 day",20:10,10h 50m,1 Stop,"7,425"
32,SpiceJet,"Sun, 31 Oct 2021",New Delhi (DEL),Chennai,"08:00
+ 1 day",19:45,12h 15m,1 Stop,"7,425"
33,SpiceJet,"Sun, 31 Oct 2021",New Delhi (DEL),Chennai,"08:00
+ 1 day",18:50,13h 10m,1 Stop,"7,425"
34,SpiceJet,"Sun, 31 Oct 2021",New Delhi (DEL),Chennai,21:20,07:20,14h 00m,1 Stop,"7,425"
35,SpiceJet,"Sun, 31 Oct 2021",New Delhi (DEL),Chennai,21:20,06:30,14h 50m,1 Stop,"7,425"
36,SpiceJet,"Sun, 31 Oct 2021",New Delhi (DEL),Chennai,"08:00
+ 1 day",07:20,24h 40m,1 Stop,"7,425"
37,SpiceJet,"Sun, 31 Oct 2021",New Delhi (DEL),Chennai,"07:00
+ 1 day",06:00,25h 00m,1 Stop,"7,425"
38,SpiceJet,"Sun, 31 Oct 2021",New Delhi (DEL),Chennai,"08:00
+ 1 day",06:30,25h 30m,1 Stop,"7,425"
39,SpiceJet,"Sun, 31 Oct 2021",New Delhi (DEL),Chennai,"21:20
+ 1 day",19:45,25h 35m,1 Stop,"7,425"
40,SpiceJet,"Sun, 31 Oct 2021",New Delhi (DEL),Chennai,"21:20
+ 1 day",18:50,26h 30m,1 Stop,"7,425"
41,Go First,"Sun, 31 Oct 2021",New Delhi (DEL),Chennai,"01:10
+ 1 day",19:40,5h 30m,1 Stop,"7,426"
42,Go First,"Sun, 31 Oct 2021",New Delhi (DEL),Chennai,20:10,14:20,5h 50m,1 Stop,"7,426"
43,Go First,"Sun, 31 Oct 2021",New Delhi (DEL),Chennai,"01:10
+ 1 day",15:30,9h 40m,1 Stop,"7,426"
44,Go First,"Sun, 31 Oct 2021",New Delhi (DEL),Chennai,"07:40
+ 1 day",21:00,10h 40m,1 Stop,"7,426"
45,Go First,"Sun, 31 Oct 2021",New Delhi (DEL),Chennai,"07:40
+ 1 day",19:40,12h 00m,1 Stop,"7,426"
46,Go First,"Sun, 31 Oct 2021",New Delhi (DEL),Chennai,20:10,08:00,12h 10m,1 Stop,"7,426"
47,Go First,"Sun, 31 Oct 2021",New Delhi (DEL),Chennai,20:10,07:00,13h 10m,1 Stop,"7,426"
48,SpiceJet,"Sun, 31 Oct 2021",New Delhi (DEL),Chennai,21:10,18:25,2h 45m,Non Stop,"7,530"
49,Vistara,"Sun, 31 Oct 2021",New Delhi (DEL),Chennai,10:10,07:20,2h 50m,Non Stop,"7,845"
50,Vistara,"Sun, 31 Oct 2021",New Delhi (DEL),Chennai,22:45,19:55,2h 50m,Non Stop,"7,845"
51,Go First,"Sun, 31 Oct 2021",New Delhi (DEL),Chennai,17:10,07:20,9h 50m,1 Stop,"7,933"
52,SpiceJet,"Sun, 31 Oct 2021",New Delhi (DEL),Chennai,"00:25
+ 1 day",09:20,15h 05m,1 Stop,"8,055"
53,IndiGo,"Sun, 31 Oct 2021",New Delhi (DEL),Chennai,10:05,05:10,4h 55m,1 Stop,"8,071"
54,Vistara,"Sun, 31 Oct 2021",New Delhi (DEL),Chennai,20:15,17:25,2h 50m,Non Stop,"8,265"
55,IndiGo,"Sun, 31 Oct 2021",New Delhi (DEL),Chennai,20:25,17:30,2h 55m,Non Stop,"8,265"
56,IndiGo,"Sun, 31 Oct 2021",New Delhi (DEL),Chennai,21:45,18:45,3h 00m,Non Stop,"8,265"
57,Air Asia,"Sun, 31 Oct 2021",New Delhi (DEL),Chennai,16:30,09:35,6h 55m,1 Stop,"8,632"
58,IndiGo,"Sun, 31 Oct 2021",New Delhi (DEL),Chennai,19:10,16:20,2h 50m,Non Stop,"8,895"
59,IndiGo,"Sun, 31 Oct 2021",New Delhi (DEL),Chennai,"01:55
+ 1 day",23:05,2h 50m,Non Stop,"8,895"
60,IndiGo,"Sun, 31 Oct 2021",New Delhi (DEL),Chennai,18:35,13:00,5h 35m,1 Stop,"9,840"
61,IndiGo,"Sun, 31 Oct 2021",New Delhi (DEL),Chennai,19:20,14:00,5h 20m,1 Stop,"9,945"
62,SpiceJet,"Sun, 31 Oct 2021",New Delhi (DEL),Chennai,17:55,11:55,6h 00m,1 Stop,"9,998"
63,IndiGo,"Sun, 31 Oct 2021",New Delhi (DEL),Chennai,17:40,13:00,4h 40m,1 Stop,"10,050"
64,IndiGo,"Sun, 31 Oct 2021",New Delhi (DEL),Chennai,20:05,13:00,7h 05m,1 Stop,"10,050"
65,Air India,"Sun, 31 Oct 2021",New Delhi (DEL),Chennai,08:55,06:05,2h 50m,Non Stop,"10,470"
66,Go First,"Sun, 31 Oct 2021",New Delhi (DEL),Chennai,"00:45
+ 1 day",12:45,12h 00m,1 Stop,"10,575"
67,Go First,"Sun, 31 Oct 2021",New Delhi (DEL),Chennai,"00:45
+ 1 day",16:35,8h 10m,1 Stop,"11,153"
68,Go First,"Sun, 31 Oct 2021",New Delhi (DEL),Chennai,"07:40
+ 1 day",22:30,9h 10m,1 Stop,"11,384"
69,Go First,"Sun, 31 Oct 2021",New Delhi (DEL),Chennai,20:10,10:30,9h 40m,1 Stop,"11,384"
70,IndiGo,"Sun, 31 Oct 2021",New Delhi (DEL),Chennai,23:45,18:20,5h 25m,1 Stop,"11,468"
71,IndiGo,"Sun, 31 Oct 2021",New Delhi (DEL),Chennai,23:45,15:30,8h 15m,1 Stop,"11,468"
72,Air India,"Sun, 31 Oct 2021",New Delhi (DEL),Chennai,23:35,20:40,2h 55m,Non Stop,"11,520"
73,Vistara,"Sun, 31 Oct 2021",New Delhi (DEL),Chennai,"23:05
+ 1 day",21:40,25h 25m,1 Stop,"11,520"
74,Vistara,"Sun, 31 Oct 2021",New Delhi (DEL),Chennai,19:55,09:30,10h 25m,1 Stop,"11,625"
75,Vistara,"Sun, 31 Oct 2021",New Delhi (DEL),Chennai,19:55,08:50,11h 05m,1 Stop,"11,625"
76,Vistara,"Sun, 31 Oct 2021",New Delhi (DEL),Chennai,"23:05
+ 1 day",20:40,26h 25m,1 Stop,"11,625"
77,Vistara,"Sun, 31 Oct 2021",New Delhi (DEL),Chennai,19:55,12:50,7h 05m,1 Stop,"11,730"
78,Vistara,"Sun, 31 Oct 2021",New Delhi (DEL),Chennai,19:55,11:40,8h 15m,1 Stop,"11,730"
79,Vistara,"Sun, 31 Oct 2021",New Delhi (DEL),Chennai,19:55,10:20,9h 35m,1 Stop,"11,730"
80,Vistara,"Sun, 31 Oct 2021",New Delhi (DEL),Chennai,"09:05
+ 1 day",21:40,11h 25m,1 Stop,"11,940"
81,Vistara,"Sun, 31 Oct 2021",New Delhi (DEL),Chennai,23:05,09:30,13h 35m,1 Stop,"11,940"
82,Vistara,"Sun, 31 Oct 2021",New Delhi (DEL),Chennai,23:05,08:50,14h 15m,1 Stop,"11,940"
83,Vistara,"Sun, 31 Oct 2021",New Delhi (DEL),Chennai,23:05,17:45,5h 20m,1 Stop,"12,045"
84,Vistara,"Sun, 31 Oct 2021",New Delhi (DEL),Chennai,23:05,16:55,6h 10m,1 Stop,"12,045"
85,Vistara,"Sun, 31 Oct 2021",New Delhi (DEL),Chennai,23:05,12:50,10h 15m,1 Stop,"12,045"
86,Vistara,"Sun, 31 Oct 2021",New Delhi (DEL),Chennai,23:05,11:40,11h 25m,1 Stop,"12,045"
87,Vistara,"Sun, 31 Oct 2021",New Delhi (DEL),Chennai,"09:05
+ 1 day",20:40,12h 25m,1 Stop,"12,045"
88,Vistara,"Sun, 31 Oct 2021",New Delhi (DEL),Chennai,23:05,10:20,12h 45m,1 Stop,"12,045"
89,Vistara,"Sun, 31 Oct 2021",New Delhi (DEL),Chennai,"09:05
+ 1 day",19:50,13h 15m,1 Stop,"12,045"
90,Vistara,"Sun, 31 Oct 2021",New Delhi (DEL),Chennai,"09:05
+ 1 day",18:55,14h 10m,1 Stop,"12,045"
91,Vistara,"Sun, 31 Oct 2021",New Delhi (DEL),Chennai,"09:05
+ 1 day",17:45,15h 20m,1 Stop,"12,045"
92,Vistara,"Sun, 31 Oct 2021",New Delhi (DEL),Chennai,"09:05
+ 1 day",16:55,16h 10m,1 Stop,"12,045"
93,Vistara,"Sun, 31 Oct 2021",New Delhi (DEL),Chennai,"09:05
+ 1 day",12:50,20h 15m,1 Stop,"12,045"
94,Vistara,"Sun, 31 Oct 2021",New Delhi (DEL),Chennai,"09:05
+ 1 day",11:40,21h 25m,1 Stop,"12,045"
95,Vistara,"Sun, 31 Oct 2021",New Delhi (DEL),Chennai,"19:55
+ 1 day",21:40,22h 15m,1 Stop,"12,255"
96,IndiGo,"Sun, 31 Oct 2021",New Delhi (DEL),Chennai,19:15,12:00,7h 15m,1 Stop,"12,360"
97,Vistara,"Sun, 31 Oct 2021",New Delhi (DEL),Chennai,23:05,15:30,7h 35m,1 Stop,"12,360"
98,Vistara,"Sun, 31 Oct 2021",New Delhi (DEL),Chennai,"09:05
+ 1 day",15:30,17h 35m,1 Stop,"12,360"
99,Vistara,"Sun, 31 Oct 2021",New Delhi (DEL),Chennai,"19:55
+ 1 day",20:40,23h 15m,1 Stop,"12,360"
100,Vistara,"Sun, 31 Oct 2021",New Delhi (DEL),Chennai,"19:55
+ 1 day",19:50,24h 05m,1 Stop,"12,360"
101,Vistara,"Sun, 31 Oct 2021",New Delhi (DEL),Chennai,"19:55
+ 1 day",18:55,25h 00m,1 Stop,"12,360"
102,IndiGo,"Sun, 31 Oct 2021",New Delhi (DEL),Chennai,11:25,08:35,2h 50m,Non Stop,"12,465"
103,IndiGo,"Sun, 31 Oct 2021",New Delhi (DEL),Chennai,19:25,11:10,8h 15m,1 Stop,"12,518"
104,Vistara,"Sun, 31 Oct 2021",New Delhi (DEL),Chennai,"11:50
+ 1 day",21:40,14h 10m,1 Stop,"12,570"
105,Go First,"Sun, 31 Oct 2021",New Delhi (DEL),Chennai,16:05,06:05,10h 00m,1 Stop,"12,623"
106,IndiGo,"Sun, 31 Oct 2021",New Delhi (DEL),Chennai,21:05,14:40,6h 25m,1 Stop,"12,675"
107,Vistara,"Sun, 31 Oct 2021",New Delhi (DEL),Chennai,"11:50
+ 1 day",20:40,15h 10m,1 Stop,"12,675"
108,Vistara,"Sun, 31 Oct 2021",New Delhi (DEL),Chennai,"11:50
+ 1 day",19:50,16h 00m,1 Stop,"12,675"
109,Vistara,"Sun, 31 Oct 2021",New Delhi (DEL),Chennai,"11:50
+ 1 day",18:55,16h 55m,1 Stop,"12,675"
110,IndiGo,"Sun, 31 Oct 2021",New Delhi (DEL),Chennai,20:00,13:00,7h 00m,1 Stop,"12,989"
111,IndiGo,"Sun, 31 Oct 2021",New Delhi (DEL),Chennai,16:30,11:10,5h 20m,1 Stop,"13,358"
112,Go First,"Sun, 31 Oct 2021",New Delhi (DEL),Chennai,16:05,10:45,5h 20m,1 Stop,"13,779"
113,Go First,"Sun, 31 Oct 2021",New Delhi (DEL),Chennai,16:05,09:00,7h 05m,1 Stop,"14,409"
114,Air India,"Sun, 31 Oct 2021",New Delhi (DEL),Chennai,"17:05
+ 1 day",16:55,24h 10m,1 Stop,"14,775"
115,IndiGo,"Sun, 31 Oct 2021",New Delhi (DEL),Chennai,16:30,08:25,8h 05m,1 Stop,"16,088"
116,IndiGo,"Sun, 31 Oct 2021",New Delhi (DEL),Chennai,19:25,13:40,5h 45m,1 Stop,"16,508"
117,Vistara,"Sun, 31 Oct 2021",New Delhi (DEL),Chennai,23:05,13:40,9h 25m,2 Stop(s),"16,918"
118,Air India,"Sun, 31 Oct 2021",New Delhi (DEL),Chennai,"17:05
+ 1 day",20:15,20h 50m,1 Stop,"17,295"
119,Air India,"Sun, 31 Oct 2021",New Delhi (DEL),Chennai,12:40,09:45,2h 55m,Non Stop,"18,030"
120,Vistara,"Sun, 31 Oct 2021",New Delhi (DEL),Chennai,23:05,14:15,8h 50m,2 Stop(s),"18,106"
121,Vistara,"Sun, 31 Oct 2021",New Delhi (DEL),Chennai,19:55,07:30,12h 25m,2 Stop(s),"18,470"
122,Vistara,"Sun, 31 Oct 2021",New Delhi (DEL),Chennai,23:05,13:20,9h 45m,2 Stop(s),"18,533"
123,Air India,"Fri, 5 Nov 2021",New Delhi (DEL),Chennai,23:35,20:40,2h 55m,Non Stop,"6,122"
124,Air India,"Fri, 5 Nov 2021",New Delhi (DEL),Chennai,08:55,06:05,2h 50m,Non Stop,"6,739"
125,Air Asia,"Fri, 5 Nov 2021",New Delhi (DEL),Chennai,15:05,09:25,5h 40m,1 Stop,"7,423"
126,Air Asia,"Fri, 5 Nov 2021",New Delhi (DEL),Chennai,16:30,09:35,6h 55m,1 Stop,"7,423"
127,Air Asia,"Fri, 5 Nov 2021",New Delhi (DEL),Chennai,17:25,09:35,7h 50m,1 Stop,"7,423"
128,Air Asia,"Fri, 5 Nov 2021",New Delhi (DEL),Chennai,16:30,08:00,8h 30m,1 Stop,"7,423"
129,Air Asia,"Fri, 5 Nov 2021",New Delhi (DEL),Chennai,22:00,12:50,9h 10m,1 Stop,"7,423"
130,Air Asia,"Fri, 5 Nov 2021",New Delhi (DEL),Chennai,17:25,08:00,9h 25m,1 Stop,"7,423"
131,Air Asia,"Fri, 5 Nov 2021",New Delhi (DEL),Chennai,16:05,05:00,11h 05m,1 Stop,"7,423"
132,Air Asia,"Fri, 5 Nov 2021",New Delhi (DEL),Chennai,"08:30
+ 1 day",21:25,11h 05m,1 Stop,"7,423"
133,Air Asia,"Fri, 5 Nov 2021",New Delhi (DEL),Chennai,"08:30
+ 1 day",20:45,11h 45m,1 Stop,"7,423"
134,SpiceJet,"Fri, 5 Nov 2021",New Delhi (DEL),Chennai,21:10,18:25,2h 45m,Non Stop,"7,425"
135,IndiGo,"Fri, 5 Nov 2021",New Delhi (DEL),Chennai,10:15,07:25,2h 50m,Non Stop,"7,425"
136,Vistara,"Fri, 5 Nov 2021",New Delhi (DEL),Chennai,16:20,13:30,2h 50m,Non Stop,"7,425"
137,Vistara,"Fri, 5 Nov 2021",New Delhi (DEL),Chennai,22:45,19:55,2h 50m,Non Stop,"7,425"
138,IndiGo,"Fri, 5 Nov 2021",New Delhi (DEL),Chennai,"01:55
+ 1 day",23:05,2h 50m,Non Stop,"7,425"
139,SpiceJet,"Fri, 5 Nov 2021",New Delhi (DEL),Chennai,09:10,06:15,2h 55m,Non Stop,"7,425"
140,Air India,"Fri, 5 Nov 2021",New Delhi (DEL),Chennai,12:40,09:45,2h 55m,Non Stop,"7,425"
141,IndiGo,"Fri, 5 Nov 2021",New Delhi (DEL),Chennai,15:40,12:45,2h 55m,Non Stop,"7,425"
142,IndiGo,"Fri, 5 Nov 2021",New Delhi (DEL),Chennai,17:40,13:00,4h 40m,1 Stop,"7,425"
143,IndiGo,"Fri, 5 Nov 2021",New Delhi (DEL),Chennai,"00:25
+ 1 day",19:30,4h 55m,1 Stop,"7,425"
144,IndiGo,"Fri, 5 Nov 2021",New Delhi (DEL),Chennai,12:25,07:25,5h 00m,1 Stop,"7,425"
145,IndiGo,"Fri, 5 Nov 2021",New Delhi (DEL),Chennai,20:00,15:00,5h 00m,1 Stop,"7,425"
146,IndiGo,"Fri, 5 Nov 2021",New Delhi (DEL),Chennai,16:30,11:10,5h 20m,1 Stop,"7,425"
147,IndiGo,"Fri, 5 Nov 2021",New Delhi (DEL),Chennai,15:05,09:40,5h 25m,1 Stop,"7,425"
148,IndiGo,"Fri, 5 Nov 2021",New Delhi (DEL),Chennai,18:35,13:00,5h 35m,1 Stop,"7,425"
149,IndiGo,"Fri, 5 Nov 2021",New Delhi (DEL),Chennai,19:25,13:40,5h 45m,1 Stop,"7,425"
150,IndiGo,"Fri, 5 Nov 2021",New Delhi (DEL),Chennai,08:20,02:30,5h 50m,1 Stop,"7,425"
151,IndiGo,"Fri, 5 Nov 2021",New Delhi (DEL),Chennai,12:00,06:10,5h 50m,1 Stop,"7,425"
152,IndiGo,"Fri, 5 Nov 2021",New Delhi (DEL),Chennai,12:25,06:05,6h 20m,1 Stop,"7,425"
153,IndiGo,"Fri, 5 Nov 2021",New Delhi (DEL),Chennai,21:05,14:40,6h 25m,1 Stop,"7,425"
154,IndiGo,"Fri, 5 Nov 2021",New Delhi (DEL),Chennai,15:55,09:15,6h 40m,1 Stop,"7,425"
155,IndiGo,"Fri, 5 Nov 2021",New Delhi (DEL),Chennai,"00:25
+ 1 day",17:45,6h 40m,1 Stop,"7,425"
156,IndiGo,"Fri, 5 Nov 2021",New Delhi (DEL),Chennai,"05:55
+ 1 day",23:05,6h 50m,1 Stop,"7,425"
157,IndiGo,"Fri, 5 Nov 2021",New Delhi (DEL),Chennai,15:05,07:55,7h 10m,1 Stop,"7,425"
158,IndiGo,"Fri, 5 Nov 2021",New Delhi (DEL),Chennai,19:15,12:00,7h 15m,1 Stop,"7,425"
159,IndiGo,"Fri, 5 Nov 2021",New Delhi (DEL),Chennai,15:55,08:20,7h 35m,1 Stop,"7,425"
160,IndiGo,"Fri, 5 Nov 2021",New Delhi (DEL),Chennai,17:00,09:15,7h 45m,1 Stop,"7,425"
161,IndiGo,"Fri, 5 Nov 2021",New Delhi (DEL),Chennai,10:25,02:30,7h 55m,1 Stop,"7,425"
162,IndiGo,"Fri, 5 Nov 2021",New Delhi (DEL),Chennai,17:40,09:40,8h 00m,1 Stop,"7,425"
163,IndiGo,"Fri, 5 Nov 2021",New Delhi (DEL),Chennai,16:30,08:25,8h 05m,1 Stop,"7,425"
164,IndiGo,"Fri, 5 Nov 2021",New Delhi (DEL),Chennai,19:25,11:10,8h 15m,1 Stop,"7,425"
165,IndiGo,"Fri, 5 Nov 2021",New Delhi (DEL),Chennai,23:45,15:30,8h 15m,1 Stop,"7,425"
166,IndiGo,"Fri, 5 Nov 2021",New Delhi (DEL),Chennai,15:05,06:45,8h 20m,1 Stop,"7,425"
167,SpiceJet,"Fri, 5 Nov 2021",New Delhi (DEL),Chennai,"07:00
+ 1 day",22:10,8h 50m,1 Stop,"7,425"
168,SpiceJet,"Fri, 5 Nov 2021",New Delhi (DEL),Chennai,"07:00
+ 1 day",20:10,10h 50m,1 Stop,"7,425"
169,SpiceJet,"Fri, 5 Nov 2021",New Delhi (DEL),Chennai,21:20,07:20,14h 00m,1 Stop,"7,425"
170,SpiceJet,"Fri, 5 Nov 2021",New Delhi (DEL),Chennai,21:20,06:30,14h 50m,1 Stop,"7,425"
171,SpiceJet,"Fri, 5 Nov 2021",New Delhi (DEL),Chennai,"00:25
+ 1 day",09:20,15h 05m,1 Stop,"7,425"
172,SpiceJet,"Fri, 5 Nov 2021",New Delhi (DEL),Chennai,"07:00
+ 1 day",06:00,25h 00m,1 Stop,"7,425"
173,SpiceJet,"Fri, 5 Nov 2021",New Delhi (DEL),Chennai,"21:20
+ 1 day",19:45,25h 35m,1 Stop,"7,425"
174,SpiceJet,"Fri, 5 Nov 2021",New Delhi (DEL),Chennai,"21:20
+ 1 day",18:50,26h 30m,1 Stop,"7,425"
175,Go First,"Fri, 5 Nov 2021",New Delhi (DEL),Chennai,"01:10
+ 1 day",19:40,5h 30m,1 Stop,"7,426"
176,Go First,"Fri, 5 Nov 2021",New Delhi (DEL),Chennai,"00:45
+ 1 day",16:35,8h 10m,1 Stop,"7,426"
177,Go First,"Fri, 5 Nov 2021",New Delhi (DEL),Chennai,"01:10
+ 1 day",15:30,9h 40m,1 Stop,"7,426"
178,Go First,"Fri, 5 Nov 2021",New Delhi (DEL),Chennai,"00:45
+ 1 day",12:45,12h 00m,1 Stop,"7,426"
179,Vistara,"Fri, 5 Nov 2021",New Delhi (DEL),Chennai,10:10,07:20,2h 50m,Non Stop,"7,530"
180,IndiGo,"Fri, 5 Nov 2021",New Delhi (DEL),Chennai,11:25,08:35,2h 50m,Non Stop,"7,635"
181,IndiGo,"Fri, 5 Nov 2021",New Delhi (DEL),Chennai,21:45,18:45,3h 00m,Non Stop,"7,635"
182,SpiceJet,"Fri, 5 Nov 2021",New Delhi (DEL),Chennai,17:55,11:55,6h 00m,1 Stop,"7,635"
183,Vistara,"Fri, 5 Nov 2021",New Delhi (DEL),Chennai,20:15,17:25,2h 50m,Non Stop,"7,845"
184,Go First,"Fri, 5 Nov 2021",New Delhi (DEL),Chennai,17:10,07:20,9h 50m,1 Stop,"7,933"
185,IndiGo,"Fri, 5 Nov 2021",New Delhi (DEL),Chennai,19:10,16:20,2h 50m,Non Stop,"7,950"
186,Air Asia,"Fri, 5 Nov 2021",New Delhi (DEL),Chennai,"08:35
+ 1 day",21:00,11h 35m,2 Stop(s),"7,950"
187,IndiGo,"Fri, 5 Nov 2021",New Delhi (DEL),Chennai,20:25,17:30,2h 55m,Non Stop,"8,265"
188,Air India,"Fri, 5 Nov 2021",New Delhi (DEL),Chennai,"08:00
+ 1 day",21:10,10h 50m,1 Stop,"8,816"
189,IndiGo,"Fri, 5 Nov 2021",New Delhi (DEL),Chennai,19:20,14:00,5h 20m,1 Stop,"8,871"
190,IndiGo,"Fri, 5 Nov 2021",New Delhi (DEL),Chennai,23:20,20:30,2h 50m,Non Stop,"9,210"
191,IndiGo,"Fri, 5 Nov 2021",New Delhi (DEL),Chennai,10:05,05:10,4h 55m,1 Stop,"9,210"
192,Air India,"Fri, 5 Nov 2021",New Delhi (DEL),Chennai,"08:00
+ 1 day",08:10,23h 50m,1 Stop,"9,301"
193,IndiGo,"Fri, 5 Nov 2021",New Delhi (DEL),Chennai,20:05,13:00,7h 05m,1 Stop,"9,840"
194,Air India,"Fri, 5 Nov 2021",New Delhi (DEL),Chennai,"08:00
+ 1 day",09:45,22h 15m,1 Stop,"9,840"
195,Air India,"Fri, 5 Nov 2021",New Delhi (DEL),Chennai,"12:50
+ 1 day",21:15,15h 35m,1 Stop,"9,925"
196,Air India,"Fri, 5 Nov 2021",New Delhi (DEL),Chennai,"12:50
+ 1 day",09:45,27h 05m,1 Stop,"9,925"
197,Air India,"Fri, 5 Nov 2021",New Delhi (DEL),Chennai,"12:50
+ 1 day",13:30,23h 20m,1 Stop,"11,290"
198,Air India,"Fri, 5 Nov 2021",New Delhi (DEL),Chennai,"07:20
+ 1 day",20:00,11h 20m,1 Stop,"11,336"
199,Air India,"Fri, 5 Nov 2021",New Delhi (DEL),Chennai,"07:20
+ 1 day",19:00,12h 20m,1 Stop,"11,336"
200,Air India,"Fri, 5 Nov 2021",New Delhi (DEL),Chennai,"07:20
+ 1 day",17:50,13h 30m,2 Stop(s),"11,336"
201,Air India,"Fri, 5 Nov 2021",New Delhi (DEL),Chennai,"07:20
+ 1 day",10:40,20h 40m,1 Stop,"11,336"
202,Air India,"Fri, 5 Nov 2021",New Delhi (DEL),Chennai,"07:20
+ 1 day",09:00,22h 20m,1 Stop,"11,336"
203,Air India,"Fri, 5 Nov 2021",New Delhi (DEL),Chennai,"07:20
+ 1 day",08:00,23h 20m,1 Stop,"11,336"
204,Air India,"Fri, 5 Nov 2021",New Delhi (DEL),Chennai,"07:20
+ 1 day",07:00,24h 20m,1 Stop,"11,336"
205,Go First,"Fri, 5 Nov 2021",New Delhi (DEL),Chennai,20:10,14:20,5h 50m,1 Stop,"11,384"
206,Go First,"Fri, 5 Nov 2021",New Delhi (DEL),Chennai,20:10,10:30,9h 40m,1 Stop,"11,384"
207,Go First,"Fri, 5 Nov 2021",New Delhi (DEL),Chennai,20:10,08:00,12h 10m,1 Stop,"11,384"
208,Go First,"Fri, 5 Nov 2021",New Delhi (DEL),Chennai,20:10,07:00,13h 10m,1 Stop,"11,384"
209,Vistara,"Fri, 5 Nov 2021",New Delhi (DEL),Chennai,23:05,16:55,6h 10m,1 Stop,"11,520"
210,Vistara,"Fri, 5 Nov 2021",New Delhi (DEL),Chennai,23:05,15:30,7h 35m,1 Stop,"11,520"
211,Air India,"Fri, 5 Nov 2021",New Delhi (DEL),Chennai,17:05,06:50,10h 15m,1 Stop,"11,520"
212,Vistara,"Fri, 5 Nov 2021",New Delhi (DEL),Chennai,23:05,12:50,10h 15m,1 Stop,"11,520"
213,Vistara,"Fri, 5 Nov 2021",New Delhi (DEL),Chennai,23:05,11:40,11h 25m,1 Stop,"11,520"
214,Vistara,"Fri, 5 Nov 2021",New Delhi (DEL),Chennai,23:05,10:20,12h 45m,1 Stop,"11,520"
215,Vistara,"Fri, 5 Nov 2021",New Delhi (DEL),Chennai,23:05,09:30,13h 35m,1 Stop,"11,520"
216,Vistara,"Fri, 5 Nov 2021",New Delhi (DEL),Chennai,23:05,08:50,14h 15m,1 Stop,"11,520"
217,Vistara,"Fri, 5 Nov 2021",New Delhi (DEL),Chennai,23:05,07:30,15h 35m,1 Stop,"11,520"
218,Vistara,"Fri, 5 Nov 2021",New Delhi (DEL),Chennai,23:05,06:00,17h 05m,1 Stop,"11,520"
219,Vistara,"Fri, 5 Nov 2021",New Delhi (DEL),Chennai,23:05,17:45,5h 20m,1 Stop,"11,625"
220,Go First,"Fri, 5 Nov 2021",New Delhi (DEL),Chennai,"07:40
+ 1 day",22:30,9h 10m,1 Stop,"11,960"
221,Go First,"Fri, 5 Nov 2021",New Delhi (DEL),Chennai,"07:40
+ 1 day",21:00,10h 40m,1 Stop,"11,960"
222,Go First,"Fri, 5 Nov 2021",New Delhi (DEL),Chennai,"07:40
+ 1 day",19:40,12h 00m,1 Stop,"11,960"
223,IndiGo,"Fri, 5 Nov 2021",New Delhi (DEL),Chennai,23:45,18:20,5h 25m,1 Stop,"12,098"
224,Vistara,"Fri, 5 Nov 2021",New Delhi (DEL),Chennai,"09:05
+ 1 day",21:40,11h 25m,1 Stop,"12,255"
225,Vistara,"Fri, 5 Nov 2021",New Delhi (DEL),Chennai,"09:05
+ 1 day",16:55,16h 10m,1 Stop,"12,255"
226,Vistara,"Fri, 5 Nov 2021",New Delhi (DEL),Chennai,"09:05
+ 1 day",19:50,13h 15m,1 Stop,"12,360"
227,Vistara,"Fri, 5 Nov 2021",New Delhi (DEL),Chennai,"09:05
+ 1 day",18:55,14h 10m,1 Stop,"12,360"
228,Vistara,"Fri, 5 Nov 2021",New Delhi (DEL),Chennai,"09:05
+ 1 day",17:45,15h 20m,1 Stop,"12,360"
229,Vistara,"Fri, 5 Nov 2021",New Delhi (DEL),Chennai,19:55,12:50,7h 05m,1 Stop,"12,570"
230,Vistara,"Fri, 5 Nov 2021",New Delhi (DEL),Chennai,19:55,11:40,8h 15m,1 Stop,"12,570"
231,Vistara,"Fri, 5 Nov 2021",New Delhi (DEL),Chennai,19:55,10:20,9h 35m,1 Stop,"12,570"
232,Vistara,"Fri, 5 Nov 2021",New Delhi (DEL),Chennai,19:55,09:30,10h 25m,1 Stop,"12,570"
233,Vistara,"Fri, 5 Nov 2021",New Delhi (DEL),Chennai,19:55,08:50,11h 05m,1 Stop,"12,570"
234,Vistara,"Fri, 5 Nov 2021",New Delhi (DEL),Chennai,19:55,07:30,12h 25m,1 Stop,"12,570"
235,Vistara,"Fri, 5 Nov 2021",New Delhi (DEL),Chennai,19:55,06:00,13h 55m,1 Stop,"12,570"
236,IndiGo,"Fri, 5 Nov 2021",New Delhi (DEL),Chennai,20:00,13:00,7h 00m,1 Stop,"12,669"
237,Vistara,"Fri, 5 Nov 2021",New Delhi (DEL),Chennai,"09:05
+ 1 day",20:40,12h 25m,1 Stop,"12,675"
238,Vistara,"Fri, 5 Nov 2021",New Delhi (DEL),Chennai,23:05,13:40,9h 25m,2 Stop(s),"12,787"
239,Vistara,"Fri, 5 Nov 2021",New Delhi (DEL),Chennai,11:50,06:00,5h 50m,1 Stop,"13,095"
240,Vistara,"Fri, 5 Nov 2021",New Delhi (DEL),Chennai,"11:50
+ 1 day",21:40,14h 10m,1 Stop,"13,095"
241,Vistara,"Fri, 5 Nov 2021",New Delhi (DEL),Chennai,"11:50
+ 1 day",19:50,16h 00m,1 Stop,"13,200"
242,SpiceJet,"Fri, 5 Nov 2021",New Delhi (DEL),Chennai,"08:00
+ 1 day",19:45,12h 15m,1 Stop,"13,275"
243,SpiceJet,"Fri, 5 Nov 2021",New Delhi (DEL),Chennai,"08:00
+ 1 day",18:50,13h 10m,1 Stop,"13,275"
244,SpiceJet,"Fri, 5 Nov 2021",New Delhi (DEL),Chennai,"08:00
+ 1 day",07:20,24h 40m,1 Stop,"13,275"
245,SpiceJet,"Fri, 5 Nov 2021",New Delhi (DEL),Chennai,"08:00
+ 1 day",06:30,25h 30m,1 Stop,"13,275"
246,Vistara,"Fri, 5 Nov 2021",New Delhi (DEL),Chennai,"11:50
+ 1 day",20:40,15h 10m,1 Stop,"13,515"
247,Go First,"Fri, 5 Nov 2021",New Delhi (DEL),Chennai,16:05,10:45,5h 20m,1 Stop,"14,409"
248,Go First,"Fri, 5 Nov 2021",New Delhi (DEL),Chennai,16:05,09:00,7h 05m,1 Stop,"14,409"
249,Go First,"Fri, 5 Nov 2021",New Delhi (DEL),Chennai,16:05,06:05,10h 00m,1 Stop,"14,409"
250,Vistara,"Fri, 5 Nov 2021",New Delhi (DEL),Chennai,23:05,13:20,9h 45m,2 Stop(s),"14,669"
251,Vistara,"Fri, 5 Nov 2021",New Delhi (DEL),Chennai,23:05,14:15,8h 50m,2 Stop(s),"17,140"
252,Vistara,"Fri, 5 Nov 2021",New Delhi (DEL),Chennai,19:55,07:30,12h 25m,2 Stop(s),"18,864"
253,Air India,"Fri, 5 Nov 2021",New Delhi (DEL),Chennai,"07:20
+ 1 day",15:05,16h 15m,2 Stop(s),"18,975"
254,Air India,"Fri, 5 Nov 2021",New Delhi (DEL),Chennai,"12:50
+ 1 day",10:35,26h 15m,2 Stop(s),"23,314"
255,Air India,"Fri, 5 Nov 2021",New Delhi (DEL),Chennai,"07:20
+ 1 day",10:35,20h 45m,2 Stop(s),"26,461"
256,Air India,"Fri, 5 Nov 2021",New Delhi (DEL),Chennai,"07:20
+ 1 day",10:55,20h 25m,2 Stop(s),"27,480"
257,Air India,"Fri, 5 Nov 2021",New Delhi (DEL),Chennai,"07:20
+ 1 day",10:55,20h 25m,2 Stop(s),"27,480"
