,Airline,Date_of_journey,Departure,Arrival,Arr_time,Dep_time,Duration,Total_stops,Price
0,Air India,"Tue, 2 Nov 2021",New Delhi (DEL),Kolkata,09:00,06:50,2h 10m,Non Stop,"4,931"
1,Air Asia,"Tue, 2 Nov 2021",New Delhi (DEL),Kolkata,12:00,06:20,5h 40m,1 Stop,"5,951"
2,Air Asia,"Tue, 2 Nov 2021",New Delhi (DEL),Kolkata,"01:25
+ 1 day",18:35,6h 50m,1 Stop,"5,951"
3,Air Asia,"Tue, 2 Nov 2021",New Delhi (DEL),Kolkata,"01:35
+ 1 day",18:35,7h 00m,1 Stop,"5,951"
4,Air Asia,"Tue, 2 Nov 2021",New Delhi (DEL),Kolkata,15:25,07:10,8h 15m,2 Stop(s),"5,951"
5,Air Asia,"Tue, 2 Nov 2021",New Delhi (DEL),Kolkata,"08:05
+ 1 day",21:25,10h 40m,1 Stop,"5,951"
6,Air Asia,"Tue, 2 Nov 2021",New Delhi (DEL),Kolkata,"08:05
+ 1 day",20:45,11h 20m,1 Stop,"5,951"
7,Air Asia,"Tue, 2 Nov 2021",New Delhi (DEL),Kolkata,21:05,09:35,11h 30m,1 Stop,"5,951"
8,Go First,"Tue, 2 Nov 2021",New Delhi (DEL),Kolkata,08:00,05:50,2h 10m,Non Stop,"5,954"
9,SpiceJet,"Tue, 2 Nov 2021",New Delhi (DEL),Kolkata,23:00,20:50,2h 10m,Non Stop,"5,954"
10,Go First,"Tue, 2 Nov 2021",New Delhi (DEL),Kolkata,21:45,19:25,2h 20m,Non Stop,"5,954"
11,SpiceJet,"Tue, 2 Nov 2021",New Delhi (DEL),Kolkata,09:05,06:15,2h 50m,Non Stop,"5,954"
12,Go First,"Tue, 2 Nov 2021",New Delhi (DEL),Kolkata,17:25,08:35,8h 50m,1 Stop,"5,954"
13,Go First,"Tue, 2 Nov 2021",New Delhi (DEL),Kolkata,16:30,05:35,10h 55m,2 Stop(s),"5,954"
14,SpiceJet,"Tue, 2 Nov 2021",New Delhi (DEL),Kolkata,"16:25
+ 1 day",17:35,22h 50m,1 Stop,"5,954"
15,SpiceJet,"Tue, 2 Nov 2021",New Delhi (DEL),Kolkata,"13:10
+ 1 day",13:05,24h 05m,1 Stop,"5,954"
16,Air India,"Tue, 2 Nov 2021",New Delhi (DEL),Kolkata,22:20,20:15,2h 05m,Non Stop,"5,955"
17,IndiGo,"Tue, 2 Nov 2021",New Delhi (DEL),Kolkata,05:10,03:00,2h 10m,Non Stop,"5,955"
18,IndiGo,"Tue, 2 Nov 2021",New Delhi (DEL),Kolkata,12:10,10:00,2h 10m,Non Stop,"5,955"
19,IndiGo,"Tue, 2 Nov 2021",New Delhi (DEL),Kolkata,21:55,19:45,2h 10m,Non Stop,"5,955"
20,IndiGo,"Tue, 2 Nov 2021",New Delhi (DEL),Kolkata,23:25,21:15,2h 10m,Non Stop,"5,955"
21,IndiGo,"Tue, 2 Nov 2021",New Delhi (DEL),Kolkata,08:10,05:55,2h 15m,Non Stop,"5,955"
22,IndiGo,"Tue, 2 Nov 2021",New Delhi (DEL),Kolkata,19:40,17:25,2h 15m,Non Stop,"5,955"
23,IndiGo,"Tue, 2 Nov 2021",New Delhi (DEL),Kolkata,20:55,18:35,2h 20m,Non Stop,"5,955"
24,IndiGo,"Tue, 2 Nov 2021",New Delhi (DEL),Kolkata,14:20,09:50,4h 30m,1 Stop,"5,955"
25,IndiGo,"Tue, 2 Nov 2021",New Delhi (DEL),Kolkata,10:20,05:15,5h 05m,1 Stop,"5,955"
26,IndiGo,"Tue, 2 Nov 2021",New Delhi (DEL),Kolkata,20:55,15:30,5h 25m,1 Stop,"5,955"
27,IndiGo,"Tue, 2 Nov 2021",New Delhi (DEL),Kolkata,15:20,09:50,5h 30m,1 Stop,"5,955"
28,IndiGo,"Tue, 2 Nov 2021",New Delhi (DEL),Kolkata,21:50,16:20,5h 30m,1 Stop,"5,955"
29,IndiGo,"Tue, 2 Nov 2021",New Delhi (DEL),Kolkata,19:40,10:55,8h 45m,1 Stop,"5,955"
30,IndiGo,"Tue, 2 Nov 2021",New Delhi (DEL),Kolkata,19:35,09:15,10h 20m,1 Stop,"5,955"
31,IndiGo,"Tue, 2 Nov 2021",New Delhi (DEL),Kolkata,20:55,10:25,10h 30m,1 Stop,"5,955"
32,IndiGo,"Tue, 2 Nov 2021",New Delhi (DEL),Kolkata,21:50,10:55,10h 55m,1 Stop,"5,955"
33,Air Asia,"Tue, 2 Nov 2021",New Delhi (DEL),Kolkata,07:10,05:00,2h 10m,Non Stop,"6,060"
34,Air Asia,"Tue, 2 Nov 2021",New Delhi (DEL),Kolkata,23:10,21:00,2h 10m,Non Stop,"6,060"
35,Air Asia,"Tue, 2 Nov 2021",New Delhi (DEL),Kolkata,19:15,16:50,2h 25m,Non Stop,"6,060"
36,Air Asia,"Tue, 2 Nov 2021",New Delhi (DEL),Kolkata,19:20,09:35,9h 45m,2 Stop(s),"6,270"
37,Air Asia,"Tue, 2 Nov 2021",New Delhi (DEL),Kolkata,19:20,08:00,11h 20m,2 Stop(s),"6,270"
38,Air India,"Tue, 2 Nov 2021",New Delhi (DEL),Kolkata,19:10,16:55,2h 15m,Non Stop,"6,375"
39,IndiGo,"Tue, 2 Nov 2021",New Delhi (DEL),Kolkata,11:00,05:00,6h 00m,1 Stop,"6,443"
40,Vistara,"Tue, 2 Nov 2021",New Delhi (DEL),Kolkata,08:20,06:15,2h 05m,Non Stop,"6,690"
41,Vistara,"Tue, 2 Nov 2021",New Delhi (DEL),Kolkata,09:35,07:30,2h 05m,Non Stop,"6,690"
42,Vistara,"Tue, 2 Nov 2021",New Delhi (DEL),Kolkata,19:35,17:30,2h 05m,Non Stop,"6,690"
43,Vistara,"Tue, 2 Nov 2021",New Delhi (DEL),Kolkata,22:45,20:30,2h 15m,Non Stop,"6,690"
44,IndiGo,"Tue, 2 Nov 2021",New Delhi (DEL),Kolkata,10:50,08:40,2h 10m,Non Stop,"6,900"
45,IndiGo,"Tue, 2 Nov 2021",New Delhi (DEL),Kolkata,13:10,07:25,5h 45m,1 Stop,"6,932"
46,IndiGo,"Tue, 2 Nov 2021",New Delhi (DEL),Kolkata,13:10,06:05,7h 05m,1 Stop,"6,932"
47,IndiGo,"Tue, 2 Nov 2021",New Delhi (DEL),Kolkata,20:20,12:55,7h 25m,1 Stop,"7,420"
48,IndiGo,"Tue, 2 Nov 2021",New Delhi (DEL),Kolkata,17:20,15:10,2h 10m,Non Stop,"7,530"
49,Air Asia,"Tue, 2 Nov 2021",New Delhi (DEL),Kolkata,"01:05
+ 1 day",16:15,8h 50m,2 Stop(s),"7,908"
50,Air India,"Tue, 2 Nov 2021",New Delhi (DEL),Kolkata,20:30,05:25,15h 05m,1 Stop,"8,743"
51,Go First,"Tue, 2 Nov 2021",New Delhi (DEL),Kolkata,16:15,09:10,7h 05m,1 Stop,"8,869"
52,Air India,"Tue, 2 Nov 2021",New Delhi (DEL),Kolkata,12:25,05:25,7h 00m,1 Stop,"9,007"
53,Air India,"Tue, 2 Nov 2021",New Delhi (DEL),Kolkata,21:05,06:00,15h 05m,3 Stop(s),"9,083"
54,IndiGo,"Tue, 2 Nov 2021",New Delhi (DEL),Kolkata,17:50,07:50,10h 00m,1 Stop,"9,735"
55,IndiGo,"Tue, 2 Nov 2021",New Delhi (DEL),Kolkata,19:35,14:40,4h 55m,1 Stop,"10,155"
56,IndiGo,"Tue, 2 Nov 2021",New Delhi (DEL),Kolkata,22:25,14:40,7h 45m,1 Stop,"10,155"
57,IndiGo,"Tue, 2 Nov 2021",New Delhi (DEL),Kolkata,17:50,13:00,4h 50m,1 Stop,"10,254"
58,Go First,"Tue, 2 Nov 2021",New Delhi (DEL),Kolkata,21:15,16:40,4h 35m,1 Stop,"10,329"
59,IndiGo,"Tue, 2 Nov 2021",New Delhi (DEL),Kolkata,11:00,06:00,5h 00m,1 Stop,"10,465"
60,Go First,"Tue, 2 Nov 2021",New Delhi (DEL),Kolkata,16:30,10:45,5h 45m,1 Stop,"10,891"
61,Air India,"Tue, 2 Nov 2021",New Delhi (DEL),Kolkata,"14:50
+ 1 day",18:40,20h 10m,2 Stop(s),"11,100"
62,Go First,"Tue, 2 Nov 2021",New Delhi (DEL),Kolkata,16:30,09:00,7h 30m,1 Stop,"11,469"
63,Go First,"Tue, 2 Nov 2021",New Delhi (DEL),Kolkata,16:30,06:05,10h 25m,1 Stop,"11,469"
64,IndiGo,"Tue, 2 Nov 2021",New Delhi (DEL),Kolkata,17:55,09:50,8h 05m,1 Stop,"11,783"
65,IndiGo,"Tue, 2 Nov 2021",New Delhi (DEL),Kolkata,17:25,13:15,4h 10m,1 Stop,"12,098"
66,IndiGo,"Tue, 2 Nov 2021",New Delhi (DEL),Kolkata,20:15,13:15,7h 00m,1 Stop,"12,098"
67,Go First,"Tue, 2 Nov 2021",New Delhi (DEL),Kolkata,16:30,11:30,5h 00m,1 Stop,"12,099"
68,Air India,"Tue, 2 Nov 2021",New Delhi (DEL),Kolkata,20:05,09:25,10h 40m,1 Stop,"12,112"
69,Air India,"Tue, 2 Nov 2021",New Delhi (DEL),Kolkata,"13:55
+ 1 day",20:40,17h 15m,1 Stop,"12,212"
70,IndiGo,"Tue, 2 Nov 2021",New Delhi (DEL),Kolkata,14:35,05:50,8h 45m,1 Stop,"12,309"
71,Go First,"Tue, 2 Nov 2021",New Delhi (DEL),Kolkata,16:30,06:05,10h 25m,1 Stop,"12,623"
72,IndiGo,"Tue, 2 Nov 2021",New Delhi (DEL),Kolkata,14:35,09:15,5h 20m,1 Stop,"12,723"
73,Air India,"Tue, 2 Nov 2021",New Delhi (DEL),Kolkata,"13:55
+ 1 day",09:45,28h 10m,1 Stop,"12,829"
74,Go First,"Tue, 2 Nov 2021",New Delhi (DEL),Kolkata,23:50,15:00,8h 50m,1 Stop,"12,854"
75,Go First,"Tue, 2 Nov 2021",New Delhi (DEL),Kolkata,23:50,14:20,9h 30m,1 Stop,"12,854"
76,IndiGo,"Tue, 2 Nov 2021",New Delhi (DEL),Kolkata,17:25,08:55,8h 30m,1 Stop,"12,886"
77,Air India,"Tue, 2 Nov 2021",New Delhi (DEL),Kolkata,17:50,09:25,8h 25m,1 Stop,"12,990"
78,Air India,"Tue, 2 Nov 2021",New Delhi (DEL),Kolkata,19:40,09:25,10h 15m,1 Stop,"12,990"
79,Air India,"Tue, 2 Nov 2021",New Delhi (DEL),Kolkata,"13:00
+ 1 day",09:25,27h 35m,1 Stop,"12,990"
80,IndiGo,"Tue, 2 Nov 2021",New Delhi (DEL),Kolkata,17:25,12:20,5h 05m,1 Stop,"13,746"
81,IndiGo,"Tue, 2 Nov 2021",New Delhi (DEL),Kolkata,20:15,12:20,7h 55m,1 Stop,"13,746"
82,Air India,"Tue, 2 Nov 2021",New Delhi (DEL),Kolkata,16:05,09:25,6h 40m,2 Stop(s),"13,768"
83,Go First,"Tue, 2 Nov 2021",New Delhi (DEL),Kolkata,15:50,11:10,4h 40m,1 Stop,"13,830"
84,Go First,"Tue, 2 Nov 2021",New Delhi (DEL),Kolkata,"07:30
+ 1 day",22:30,9h 00m,1 Stop,"14,218"
85,Go First,"Tue, 2 Nov 2021",New Delhi (DEL),Kolkata,"07:30
+ 1 day",21:00,10h 30m,1 Stop,"14,218"
86,Go First,"Tue, 2 Nov 2021",New Delhi (DEL),Kolkata,"07:30
+ 1 day",19:40,11h 50m,1 Stop,"14,218"
87,Vistara,"Tue, 2 Nov 2021",New Delhi (DEL),Kolkata,"09:45
+ 1 day",19:50,13h 55m,1 Stop,"14,880"
88,Vistara,"Tue, 2 Nov 2021",New Delhi (DEL),Kolkata,"09:45
+ 1 day",18:55,14h 50m,1 Stop,"14,880"
89,Vistara,"Tue, 2 Nov 2021",New Delhi (DEL),Kolkata,"09:45
+ 1 day",17:45,16h 00m,1 Stop,"14,880"
90,Vistara,"Tue, 2 Nov 2021",New Delhi (DEL),Kolkata,"09:45
+ 1 day",16:55,16h 50m,1 Stop,"14,880"
91,Vistara,"Tue, 2 Nov 2021",New Delhi (DEL),Kolkata,"09:45
+ 1 day",15:30,18h 15m,1 Stop,"14,880"
92,Vistara,"Tue, 2 Nov 2021",New Delhi (DEL),Kolkata,"09:45
+ 1 day",12:50,20h 55m,1 Stop,"14,880"
93,Vistara,"Tue, 2 Nov 2021",New Delhi (DEL),Kolkata,"09:45
+ 1 day",11:40,22h 05m,1 Stop,"14,880"
94,Vistara,"Tue, 2 Nov 2021",New Delhi (DEL),Kolkata,"09:45
+ 1 day",10:20,23h 25m,1 Stop,"14,880"
95,Vistara,"Tue, 2 Nov 2021",New Delhi (DEL),Kolkata,"09:45
+ 1 day",09:30,24h 15m,1 Stop,"14,880"
96,Vistara,"Tue, 2 Nov 2021",New Delhi (DEL),Kolkata,"09:45
+ 1 day",08:50,24h 55m,1 Stop,"14,880"
97,Vistara,"Tue, 2 Nov 2021",New Delhi (DEL),Kolkata,"09:45
+ 1 day",07:30,26h 15m,1 Stop,"14,880"
98,Vistara,"Tue, 2 Nov 2021",New Delhi (DEL),Kolkata,"09:45
+ 1 day",06:00,27h 45m,1 Stop,"14,880"
99,Vistara,"Tue, 2 Nov 2021",New Delhi (DEL),Kolkata,"09:45
+ 1 day",21:40,12h 05m,1 Stop,"15,300"
100,Vistara,"Tue, 2 Nov 2021",New Delhi (DEL),Kolkata,"09:45
+ 1 day",20:40,13h 05m,1 Stop,"15,300"
101,IndiGo,"Tue, 2 Nov 2021",New Delhi (DEL),Kolkata,22:55,16:45,6h 10m,1 Stop,"15,563"
102,Vistara,"Tue, 2 Nov 2021",New Delhi (DEL),Kolkata,"09:45
+ 1 day",17:10,16h 35m,2 Stop(s),"17,131"
103,Vistara,"Tue, 2 Nov 2021",New Delhi (DEL),Kolkata,"09:45
+ 1 day",17:40,16h 05m,2 Stop(s),"17,224"
104,Vistara,"Tue, 2 Nov 2021",New Delhi (DEL),Kolkata,"09:45
+ 1 day",14:45,19h 00m,2 Stop(s),"17,224"
105,Vistara,"Tue, 2 Nov 2021",New Delhi (DEL),Kolkata,"09:45
+ 1 day",07:05,26h 40m,2 Stop(s),"17,224"
106,SpiceJet,"Tue, 2 Nov 2021",New Delhi (DEL),Kolkata,18:30,13:05,5h 25m,1 Stop,"17,504"
107,SpiceJet,"Tue, 2 Nov 2021",New Delhi (DEL),Kolkata,18:30,09:25,9h 05m,1 Stop,"17,504"
108,Vistara,"Tue, 2 Nov 2021",New Delhi (DEL),Kolkata,16:55,10:20,6h 35m,1 Stop,"17,610"
109,Vistara,"Tue, 2 Nov 2021",New Delhi (DEL),Kolkata,16:55,09:30,7h 25m,1 Stop,"17,610"
110,Vistara,"Tue, 2 Nov 2021",New Delhi (DEL),Kolkata,16:55,08:50,8h 05m,1 Stop,"17,610"
111,Vistara,"Tue, 2 Nov 2021",New Delhi (DEL),Kolkata,16:55,07:30,9h 25m,1 Stop,"17,610"
112,Vistara,"Tue, 2 Nov 2021",New Delhi (DEL),Kolkata,16:55,06:00,10h 55m,1 Stop,"17,610"
113,Vistara,"Tue, 2 Nov 2021",New Delhi (DEL),Kolkata,"16:55
+ 1 day",21:40,19h 15m,1 Stop,"18,030"
114,Air India,"Tue, 2 Nov 2021",New Delhi (DEL),Kolkata,"08:50
+ 1 day",19:00,13h 50m,1 Stop,"18,161"
115,Air India,"Tue, 2 Nov 2021",New Delhi (DEL),Kolkata,"08:50
+ 1 day",10:40,22h 10m,1 Stop,"18,161"
116,Air India,"Tue, 2 Nov 2021",New Delhi (DEL),Kolkata,"08:50
+ 1 day",08:00,24h 50m,1 Stop,"18,161"
117,Air India,"Tue, 2 Nov 2021",New Delhi (DEL),Kolkata,"08:50
+ 1 day",07:00,25h 50m,1 Stop,"18,161"
118,Air India,"Tue, 2 Nov 2021",New Delhi (DEL),Kolkata,"08:50
+ 1 day",20:00,12h 50m,1 Stop,"18,646"
119,Air India,"Tue, 2 Nov 2021",New Delhi (DEL),Kolkata,"08:50
+ 1 day",08:40,24h 10m,2 Stop(s),"18,766"
120,Air India,"Tue, 2 Nov 2021",New Delhi (DEL),Kolkata,"08:50
+ 1 day",05:55,26h 55m,2 Stop(s),"18,766"
121,IndiGo,"Tue, 2 Nov 2021",New Delhi (DEL),Kolkata,20:15,16:05,4h 10m,1 Stop,"18,818"
122,Air India,"Tue, 2 Nov 2021",New Delhi (DEL),Kolkata,"10:40
+ 1 day",05:30,29h 10m,1 Stop,"19,438"
123,Vistara,"Tue, 2 Nov 2021",New Delhi (DEL),Kolkata,"09:45
+ 1 day",17:35,16h 10m,2 Stop(s),"19,534"
124,Vistara,"Tue, 2 Nov 2021",New Delhi (DEL),Kolkata,"09:45
+ 1 day",16:05,17h 40m,2 Stop(s),"19,534"
125,Vistara,"Tue, 2 Nov 2021",New Delhi (DEL),Kolkata,"09:45
+ 1 day",16:05,17h 40m,2 Stop(s),"19,534"
126,Vistara,"Tue, 2 Nov 2021",New Delhi (DEL),Kolkata,"09:45
+ 1 day",14:15,19h 30m,2 Stop(s),"19,534"
127,Vistara,"Tue, 2 Nov 2021",New Delhi (DEL),Kolkata,"09:45
+ 1 day",14:15,19h 30m,2 Stop(s),"19,534"
128,Vistara,"Tue, 2 Nov 2021",New Delhi (DEL),Kolkata,"09:45
+ 1 day",14:15,19h 30m,2 Stop(s),"19,534"
129,Vistara,"Tue, 2 Nov 2021",New Delhi (DEL),Kolkata,"09:45
+ 1 day",08:05,25h 40m,2 Stop(s),"19,534"
130,Vistara,"Tue, 2 Nov 2021",New Delhi (DEL),Kolkata,16:55,06:15,10h 40m,2 Stop(s),"24,383"
