,Airline,Date_of_journey,Departure,Arrival,Arr_time,Dep_time,Duration,Total_stops,Price
0,SpiceJet,"Wed, 17 Nov 2021",Srinagar (SXR),New Delhi,18:30,17:00,1h 30m,Non Stop,"3,710"
1,SpiceJet,"Wed, 17 Nov 2021",Srinagar (SXR),New Delhi,10:30,08:45,1h 45m,Non Stop,"3,710"
2,SpiceJet,"Wed, 17 Nov 2021",Srinagar (SXR),New Delhi,11:20,09:35,1h 45m,Non Stop,"3,710"
3,Air Asia,"Wed, 17 Nov 2021",Srinagar (SXR),New Delhi,11:20,09:50,1h 30m,Non Stop,"3,711"
4,Air Asia,"Wed, 17 Nov 2021",Srinagar (SXR),New Delhi,18:05,16:30,1h 35m,Non Stop,"3,711"
5,IndiGo,"Wed, 17 Nov 2021",Srinagar (SXR),New Delhi,09:45,08:05,1h 40m,Non Stop,"3,746"
6,IndiGo,"Wed, 17 Nov 2021",Srinagar (SXR),New Delhi,14:50,12:00,2h 50m,1 Stop,"3,746"
7,Air Asia,"Wed, 17 Nov 2021",Srinagar (SXR),New Delhi,15:30,14:00,1h 30m,Non Stop,"4,009"
8,IndiGo,"Wed, 17 Nov 2021",Srinagar (SXR),New Delhi,20:45,19:15,1h 30m,Non Stop,"4,009"
9,Air Asia,"Wed, 17 Nov 2021",Srinagar (SXR),New Delhi,15:00,13:25,1h 35m,Non Stop,"4,009"
10,IndiGo,"Wed, 17 Nov 2021",Srinagar (SXR),New Delhi,17:50,15:00,2h 50m,1 Stop,"4,009"
11,Air India,"Wed, 17 Nov 2021",Srinagar (SXR),New Delhi,17:15,14:15,3h 00m,1 Stop,"4,271"
12,Go First,"Wed, 17 Nov 2021",Srinagar (SXR),New Delhi,09:55,08:25,1h 30m,Non Stop,"4,387"
13,Go First,"Wed, 17 Nov 2021",Srinagar (SXR),New Delhi,20:00,18:30,1h 30m,Non Stop,"4,387"
14,IndiGo,"Wed, 17 Nov 2021",Srinagar (SXR),New Delhi,20:20,14:40,5h 40m,1 Stop,"4,421"
15,SpiceJet,"Wed, 17 Nov 2021",Srinagar (SXR),New Delhi,17:55,16:15,1h 40m,Non Stop,"4,446"
16,IndiGo,"Wed, 17 Nov 2021",Srinagar (SXR),New Delhi,12:15,10:40,1h 35m,Non Stop,"4,586"
17,Air India,"Wed, 17 Nov 2021",Srinagar (SXR),New Delhi,14:05,12:25,1h 40m,Non Stop,"4,586"
18,Go First,"Wed, 17 Nov 2021",Srinagar (SXR),New Delhi,10:55,09:30,1h 25m,Non Stop,"4,703"
19,Go First,"Wed, 17 Nov 2021",Srinagar (SXR),New Delhi,17:30,16:00,1h 30m,Non Stop,"4,703"
20,Go First,"Wed, 17 Nov 2021",Srinagar (SXR),New Delhi,17:55,16:20,1h 35m,Non Stop,"4,703"
21,Go First,"Wed, 17 Nov 2021",Srinagar (SXR),New Delhi,13:00,11:15,1h 45m,Non Stop,"4,703"
22,IndiGo,"Wed, 17 Nov 2021",Srinagar (SXR),New Delhi,18:35,17:05,1h 30m,Non Stop,"5,321"
23,Vistara,"Wed, 17 Nov 2021",Srinagar (SXR),New Delhi,16:55,15:20,1h 35m,Non Stop,"5,479"
24,Air India,"Wed, 17 Nov 2021",Srinagar (SXR),New Delhi,21:35,14:15,7h 20m,1 Stop,"5,574"
25,Vistara,"Wed, 17 Nov 2021",Srinagar (SXR),New Delhi,15:20,13:45,1h 35m,Non Stop,"5,636"
26,Go First,"Wed, 17 Nov 2021",Srinagar (SXR),New Delhi,20:20,13:50,6h 30m,1 Stop,"6,588"
27,Go First,"Wed, 17 Nov 2021",Srinagar (SXR),New Delhi,17:35,13:50,3h 45m,1 Stop,"6,734"
28,IndiGo,"Wed, 17 Nov 2021",Srinagar (SXR),New Delhi,14:35,13:00,1h 35m,Non Stop,"7,001"
29,Vistara,"Wed, 17 Nov 2021",Srinagar (SXR),New Delhi,16:55,12:30,4h 25m,1 Stop,"7,107"
30,IndiGo,"Wed, 17 Nov 2021",Srinagar (SXR),New Delhi,17:50,12:00,5h 50m,1 Stop,"8,468"
31,IndiGo,"Wed, 17 Nov 2021",Srinagar (SXR),New Delhi,16:55,15:20,1h 35m,Non Stop,"11,201"
32,Go First,"Wed, 17 Nov 2021",Srinagar (SXR),New Delhi,23:30,15:10,8h 20m,1 Stop,"16,226"
33,Go First,"Wed, 17 Nov 2021",Srinagar (SXR),New Delhi,"00:50
+ 1 day",15:10,9h 40m,1 Stop,"16,226"
34,Go First,"Wed, 17 Nov 2021",Srinagar (SXR),New Delhi,"08:10
+ 1 day",15:10,17h 00m,1 Stop,"16,511"
35,Go First,"Wed, 17 Nov 2021",Srinagar (SXR),New Delhi,"02:00
+ 1 day",15:10,10h 50m,1 Stop,"16,807"
36,SpiceJet,"Thu, 18 Nov 2021",Srinagar (SXR),New Delhi,18:30,17:00,1h 30m,Non Stop,"3,710"
37,SpiceJet,"Thu, 18 Nov 2021",Srinagar (SXR),New Delhi,11:20,09:35,1h 45m,Non Stop,"3,710"
38,Air Asia,"Thu, 18 Nov 2021",Srinagar (SXR),New Delhi,11:20,09:50,1h 30m,Non Stop,"3,711"
39,SpiceJet,"Thu, 18 Nov 2021",Srinagar (SXR),New Delhi,10:30,08:45,1h 45m,Non Stop,"3,816"
40,IndiGo,"Thu, 18 Nov 2021",Srinagar (SXR),New Delhi,20:45,19:15,1h 30m,Non Stop,"4,009"
41,Air Asia,"Thu, 18 Nov 2021",Srinagar (SXR),New Delhi,18:05,16:30,1h 35m,Non Stop,"4,009"
42,Air India,"Thu, 18 Nov 2021",Srinagar (SXR),New Delhi,13:00,11:25,1h 35m,Non Stop,"4,271"
43,Air India,"Thu, 18 Nov 2021",Srinagar (SXR),New Delhi,17:15,14:15,3h 00m,1 Stop,"4,271"
44,Air Asia,"Thu, 18 Nov 2021",Srinagar (SXR),New Delhi,15:30,14:00,1h 30m,Non Stop,"4,377"
45,Air Asia,"Thu, 18 Nov 2021",Srinagar (SXR),New Delhi,15:00,13:25,1h 35m,Non Stop,"4,377"
46,Go First,"Thu, 18 Nov 2021",Srinagar (SXR),New Delhi,09:55,08:25,1h 30m,Non Stop,"4,387"
47,IndiGo,"Thu, 18 Nov 2021",Srinagar (SXR),New Delhi,12:15,10:40,1h 35m,Non Stop,"4,586"
48,IndiGo,"Thu, 18 Nov 2021",Srinagar (SXR),New Delhi,09:45,08:05,1h 40m,Non Stop,"4,586"
49,Air India,"Thu, 18 Nov 2021",Srinagar (SXR),New Delhi,14:05,12:25,1h 40m,Non Stop,"4,586"
50,IndiGo,"Thu, 18 Nov 2021",Srinagar (SXR),New Delhi,14:50,12:00,2h 50m,1 Stop,"4,586"
51,Go First,"Thu, 18 Nov 2021",Srinagar (SXR),New Delhi,10:55,09:30,1h 25m,Non Stop,"4,703"
52,Go First,"Thu, 18 Nov 2021",Srinagar (SXR),New Delhi,17:30,16:00,1h 30m,Non Stop,"4,703"
53,Go First,"Thu, 18 Nov 2021",Srinagar (SXR),New Delhi,17:55,16:20,1h 35m,Non Stop,"4,703"
54,SpiceJet,"Thu, 18 Nov 2021",Srinagar (SXR),New Delhi,17:55,16:15,1h 40m,Non Stop,"4,760"
55,IndiGo,"Thu, 18 Nov 2021",Srinagar (SXR),New Delhi,20:20,14:40,5h 40m,1 Stop,"5,051"
56,Go First,"Thu, 18 Nov 2021",Srinagar (SXR),New Delhi,13:00,11:15,1h 45m,Non Stop,"5,423"
57,Vistara,"Thu, 18 Nov 2021",Srinagar (SXR),New Delhi,16:55,15:20,1h 35m,Non Stop,"5,426"
58,Vistara,"Thu, 18 Nov 2021",Srinagar (SXR),New Delhi,15:20,13:45,1h 35m,Non Stop,"5,636"
59,IndiGo,"Thu, 18 Nov 2021",Srinagar (SXR),New Delhi,18:35,17:05,1h 30m,Non Stop,"6,056"
60,Vistara,"Thu, 18 Nov 2021",Srinagar (SXR),New Delhi,16:55,12:30,4h 25m,1 Stop,"6,493"
61,Go First,"Thu, 18 Nov 2021",Srinagar (SXR),New Delhi,20:20,13:50,6h 30m,1 Stop,"6,588"
62,Go First,"Thu, 18 Nov 2021",Srinagar (SXR),New Delhi,17:35,13:50,3h 45m,1 Stop,"6,734"
63,IndiGo,"Thu, 18 Nov 2021",Srinagar (SXR),New Delhi,17:50,15:00,2h 50m,1 Stop,"7,001"
64,Air India,"Thu, 18 Nov 2021",Srinagar (SXR),New Delhi,21:35,14:15,7h 20m,1 Stop,"7,359"
65,IndiGo,"Thu, 18 Nov 2021",Srinagar (SXR),New Delhi,17:50,12:00,5h 50m,1 Stop,"8,625"
66,IndiGo,"Thu, 18 Nov 2021",Srinagar (SXR),New Delhi,16:55,15:20,1h 35m,Non Stop,"9,626"
67,Go First,"Thu, 18 Nov 2021",Srinagar (SXR),New Delhi,"00:50
+ 1 day",15:10,9h 40m,1 Stop,"12,058"
68,Go First,"Thu, 18 Nov 2021",Srinagar (SXR),New Delhi,23:30,15:10,8h 20m,1 Stop,"12,343"
69,Go First,"Thu, 18 Nov 2021",Srinagar (SXR),New Delhi,"02:00
+ 1 day",15:10,10h 50m,1 Stop,"12,343"
70,IndiGo,"Thu, 18 Nov 2021",Srinagar (SXR),New Delhi,14:35,13:00,1h 35m,Non Stop,"12,986"
71,Go First,"Thu, 18 Nov 2021",Srinagar (SXR),New Delhi,"08:10
+ 1 day",15:10,17h 00m,1 Stop,"13,017"
72,Air India,"Thu, 18 Nov 2021",Srinagar (SXR),New Delhi,"17:15
+ 1 day",10:20,30h 55m,2 Stop(s),"13,801"
73,Air India,"Thu, 18 Nov 2021",Srinagar (SXR),New Delhi,"21:35
+ 1 day",10:20,35h 15m,2 Stop(s),"14,385"
74,IndiGo,"Sun, 21 Nov 2021",Srinagar (SXR),New Delhi,14:50,12:00,2h 50m,1 Stop,"3,641"
75,SpiceJet,"Sun, 21 Nov 2021",Srinagar (SXR),New Delhi,10:30,08:45,1h 45m,Non Stop,"3,710"
76,SpiceJet,"Sun, 21 Nov 2021",Srinagar (SXR),New Delhi,11:20,09:35,1h 45m,Non Stop,"3,710"
77,Air Asia,"Sun, 21 Nov 2021",Srinagar (SXR),New Delhi,11:20,09:50,1h 30m,Non Stop,"4,009"
78,Air India,"Sun, 21 Nov 2021",Srinagar (SXR),New Delhi,13:00,11:25,1h 35m,Non Stop,"4,271"
79,Air India,"Sun, 21 Nov 2021",Srinagar (SXR),New Delhi,14:05,12:25,1h 40m,Non Stop,"4,271"
80,IndiGo,"Sun, 21 Nov 2021",Srinagar (SXR),New Delhi,12:15,10:40,1h 35m,Non Stop,"4,376"
81,Air Asia,"Sun, 21 Nov 2021",Srinagar (SXR),New Delhi,15:00,13:25,1h 35m,Non Stop,"4,377"
82,Go First,"Sun, 21 Nov 2021",Srinagar (SXR),New Delhi,09:55,08:25,1h 30m,Non Stop,"4,387"
83,Air India,"Sun, 21 Nov 2021",Srinagar (SXR),New Delhi,17:15,14:15,3h 00m,1 Stop,"4,586"
84,Go First,"Sun, 21 Nov 2021",Srinagar (SXR),New Delhi,10:55,09:30,1h 25m,Non Stop,"4,703"
85,Go First,"Sun, 21 Nov 2021",Srinagar (SXR),New Delhi,17:30,16:00,1h 30m,Non Stop,"4,703"
86,Go First,"Sun, 21 Nov 2021",Srinagar (SXR),New Delhi,17:55,16:20,1h 35m,Non Stop,"4,703"
87,Go First,"Sun, 21 Nov 2021",Srinagar (SXR),New Delhi,13:00,11:15,1h 45m,Non Stop,"4,703"
88,IndiGo,"Sun, 21 Nov 2021",Srinagar (SXR),New Delhi,09:45,08:05,1h 40m,Non Stop,"4,796"
89,Vistara,"Sun, 21 Nov 2021",Srinagar (SXR),New Delhi,15:20,13:45,1h 35m,Non Stop,"5,636"
90,Vistara,"Sun, 21 Nov 2021",Srinagar (SXR),New Delhi,16:55,15:20,1h 35m,Non Stop,"5,636"
91,IndiGo,"Sun, 21 Nov 2021",Srinagar (SXR),New Delhi,14:35,13:00,1h 35m,Non Stop,"6,056"
92,Air Asia,"Sun, 21 Nov 2021",Srinagar (SXR),New Delhi,15:30,14:00,1h 30m,Non Stop,"6,321"
93,Go First,"Sun, 21 Nov 2021",Srinagar (SXR),New Delhi,17:35,13:50,3h 45m,1 Stop,"6,734"
94,IndiGo,"Sun, 21 Nov 2021",Srinagar (SXR),New Delhi,20:20,14:40,5h 40m,1 Stop,"6,844"
95,Go First,"Sun, 21 Nov 2021",Srinagar (SXR),New Delhi,20:20,13:50,6h 30m,1 Stop,"6,954"
96,IndiGo,"Sun, 21 Nov 2021",Srinagar (SXR),New Delhi,16:55,12:00,4h 55m,2 Stop(s),"7,753"
97,IndiGo,"Sun, 21 Nov 2021",Srinagar (SXR),New Delhi,17:50,12:00,5h 50m,1 Stop,"8,363"
98,Vistara,"Sun, 21 Nov 2021",Srinagar (SXR),New Delhi,16:55,12:30,4h 25m,1 Stop,"9,039"
99,IndiGo,"Sun, 21 Nov 2021",Srinagar (SXR),New Delhi,17:50,14:50,3h 00m,1 Stop,"12,986"
100,Go First,"Sun, 21 Nov 2021",Srinagar (SXR),New Delhi,22:25,15:10,7h 15m,1 Stop,"16,226"
101,Go First,"Sun, 21 Nov 2021",Srinagar (SXR),New Delhi,"00:50
+ 1 day",15:10,9h 40m,1 Stop,"16,226"
102,Go First,"Sun, 21 Nov 2021",Srinagar (SXR),New Delhi,"02:00
+ 1 day",15:10,10h 50m,1 Stop,"16,226"
103,Go First,"Sun, 21 Nov 2021",Srinagar (SXR),New Delhi,"08:10
+ 1 day",15:10,17h 00m,1 Stop,"16,226"
104,Go First,"Sun, 21 Nov 2021",Srinagar (SXR),New Delhi,23:30,15:10,8h 20m,1 Stop,"16,511"
