,Airline,Date_of_journey,Departure,Arrival,Arr_time,Dep_time,Duration,Total_stops,Price
0,Air India,"Tue, 30 Nov 2021",Mumbai (BOM),Kolkata,12:10,07:55,4h 15m,1 Stop,"2,835"
1,IndiGo,"Tue, 30 Nov 2021",Mumbai (BOM),Kolkata,20:15,15:50,4h 25m,1 Stop,"3,707"
2,IndiGo,"Tue, 30 Nov 2021",Mumbai (BOM),Kolkata,22:25,16:55,5h 30m,1 Stop,"3,707"
3,IndiGo,"Tue, 30 Nov 2021",Mumbai (BOM),Kolkata,22:40,17:10,5h 30m,1 Stop,"3,707"
4,IndiGo,"Tue, 30 Nov 2021",Mumbai (BOM),Kolkata,19:35,12:20,7h 15m,1 Stop,"3,707"
5,IndiGo,"Tue, 30 Nov 2021",Mumbai (BOM),Kolkata,17:25,09:20,8h 05m,1 Stop,"3,707"
6,IndiGo,"Tue, 30 Nov 2021",Mumbai (BOM),Kolkata,22:40,12:45,9h 55m,1 Stop,"3,707"
7,IndiGo,"Tue, 30 Nov 2021",Mumbai (BOM),Kolkata,22:25,12:20,10h 05m,1 Stop,"3,707"
8,IndiGo,"Tue, 30 Nov 2021",Mumbai (BOM),Kolkata,20:15,09:20,10h 55m,1 Stop,"3,707"
9,IndiGo,"Tue, 30 Nov 2021",Mumbai (BOM),Kolkata,19:15,12:45,6h 30m,1 Stop,"3,894"
10,IndiGo,"Tue, 30 Nov 2021",Mumbai (BOM),Kolkata,19:15,10:45,8h 30m,1 Stop,"3,894"
11,Air India,"Tue, 30 Nov 2021",Mumbai (BOM),Kolkata,16:00,05:45,10h 15m,2 Stop(s),"3,938"
12,Air India,"Tue, 30 Nov 2021",Mumbai (BOM),Kolkata,"08:05
+ 1 day",05:45,26h 20m,1 Stop,"3,938"
13,SpiceJet,"Tue, 30 Nov 2021",Mumbai (BOM),Kolkata,"08:45
+ 1 day",19:30,13h 15m,1 Stop,"4,242"
14,Go First,"Tue, 30 Nov 2021",Mumbai (BOM),Kolkata,"07:55
+ 1 day",18:30,13h 25m,1 Stop,"4,242"
15,SpiceJet,"Tue, 30 Nov 2021",Mumbai (BOM),Kolkata,20:50,06:00,14h 50m,1 Stop,"4,242"
16,SpiceJet,"Tue, 30 Nov 2021",Mumbai (BOM),Kolkata,"20:50
+ 1 day",19:30,25h 20m,1 Stop,"4,242"
17,SpiceJet,"Tue, 30 Nov 2021",Mumbai (BOM),Kolkata,"08:45
+ 1 day",06:00,26h 45m,1 Stop,"4,242"
18,IndiGo,"Tue, 30 Nov 2021",Mumbai (BOM),Kolkata,13:20,06:15,7h 05m,1 Stop,"4,305"
19,SpiceJet,"Tue, 30 Nov 2021",Mumbai (BOM),Kolkata,09:00,06:15,2h 45m,Non Stop,"4,467"
20,SpiceJet,"Tue, 30 Nov 2021",Mumbai (BOM),Kolkata,20:45,18:00,2h 45m,Non Stop,"4,467"
21,Go First,"Tue, 30 Nov 2021",Mumbai (BOM),Kolkata,07:30,05:00,2h 30m,Non Stop,"4,468"
22,Go First,"Tue, 30 Nov 2021",Mumbai (BOM),Kolkata,23:50,21:00,2h 50m,Non Stop,"4,468"
23,IndiGo,"Tue, 30 Nov 2021",Mumbai (BOM),Kolkata,"01:30
+ 1 day",23:00,2h 30m,Non Stop,"4,500"
24,Air India,"Tue, 30 Nov 2021",Mumbai (BOM),Kolkata,"11:05
+ 1 day",15:25,19h 40m,3 Stop(s),"4,556"
25,Vistara,"Tue, 30 Nov 2021",Mumbai (BOM),Kolkata,09:45,07:05,2h 40m,Non Stop,"4,600"
26,Vistara,"Tue, 30 Nov 2021",Mumbai (BOM),Kolkata,16:55,14:00,2h 55m,Non Stop,"4,600"
27,IndiGo,"Tue, 30 Nov 2021",Mumbai (BOM),Kolkata,13:20,07:10,6h 10m,1 Stop,"4,725"
28,IndiGo,"Tue, 30 Nov 2021",Mumbai (BOM),Kolkata,22:55,16:15,6h 40m,1 Stop,"4,808"
29,IndiGo,"Tue, 30 Nov 2021",Mumbai (BOM),Kolkata,22:45,15:05,7h 40m,1 Stop,"4,808"
30,Air India,"Tue, 30 Nov 2021",Mumbai (BOM),Kolkata,"11:05
+ 1 day",16:00,19h 05m,2 Stop(s),"4,871"
31,Air India,"Tue, 30 Nov 2021",Mumbai (BOM),Kolkata,"11:05
+ 1 day",08:00,27h 05m,2 Stop(s),"4,871"
32,Air India,"Tue, 30 Nov 2021",Mumbai (BOM),Kolkata,"11:05
+ 1 day",07:00,28h 05m,2 Stop(s),"4,871"
33,Air Asia,"Tue, 30 Nov 2021",Mumbai (BOM),Kolkata,08:05,02:35,5h 30m,1 Stop,"5,191"
34,Air Asia,"Tue, 30 Nov 2021",Mumbai (BOM),Kolkata,21:05,13:05,8h 00m,1 Stop,"5,191"
35,Air Asia,"Tue, 30 Nov 2021",Mumbai (BOM),Kolkata,"01:25
+ 1 day",13:05,12h 20m,1 Stop,"5,191"
36,Air Asia,"Tue, 30 Nov 2021",Mumbai (BOM),Kolkata,"01:35
+ 1 day",13:05,12h 30m,1 Stop,"5,191"
37,Air India,"Tue, 30 Nov 2021",Mumbai (BOM),Kolkata,"08:05
+ 1 day",09:30,22h 35m,2 Stop(s),"5,204"
38,Air India,"Tue, 30 Nov 2021",Mumbai (BOM),Kolkata,"11:05
+ 1 day",19:00,16h 05m,2 Stop(s),"5,291"
39,Air India,"Tue, 30 Nov 2021",Mumbai (BOM),Kolkata,"11:05
+ 1 day",10:00,25h 05m,2 Stop(s),"5,291"
40,Go First,"Tue, 30 Nov 2021",Mumbai (BOM),Kolkata,16:30,06:05,10h 25m,1 Stop,"5,390"
41,Go First,"Tue, 30 Nov 2021",Mumbai (BOM),Kolkata,16:30,11:20,5h 10m,1 Stop,"5,526"
42,IndiGo,"Tue, 30 Nov 2021",Mumbai (BOM),Kolkata,22:40,16:20,6h 20m,1 Stop,"5,733"
43,Go First,"Tue, 30 Nov 2021",Mumbai (BOM),Kolkata,21:45,13:30,8h 15m,1 Stop,"5,941"
44,Go First,"Tue, 30 Nov 2021",Mumbai (BOM),Kolkata,"08:00
+ 1 day",23:45,8h 15m,1 Stop,"5,941"
45,Go First,"Tue, 30 Nov 2021",Mumbai (BOM),Kolkata,"08:00
+ 1 day",22:40,9h 20m,1 Stop,"5,941"
46,Go First,"Tue, 30 Nov 2021",Mumbai (BOM),Kolkata,21:45,12:15,9h 30m,1 Stop,"5,941"
47,Go First,"Tue, 30 Nov 2021",Mumbai (BOM),Kolkata,"08:00
+ 1 day",21:15,10h 45m,1 Stop,"5,941"
48,Go First,"Tue, 30 Nov 2021",Mumbai (BOM),Kolkata,21:45,09:55,11h 50m,1 Stop,"5,941"
49,Go First,"Tue, 30 Nov 2021",Mumbai (BOM),Kolkata,21:15,15:15,6h 00m,1 Stop,"5,954"
50,Go First,"Tue, 30 Nov 2021",Mumbai (BOM),Kolkata,21:15,10:45,10h 30m,1 Stop,"5,954"
51,Air Asia,"Tue, 30 Nov 2021",Mumbai (BOM),Kolkata,19:15,07:20,11h 55m,1 Stop,"5,993"
52,Air Asia,"Tue, 30 Nov 2021",Mumbai (BOM),Kolkata,23:10,07:20,15h 50m,1 Stop,"5,993"
53,Go First,"Tue, 30 Nov 2021",Mumbai (BOM),Kolkata,"08:40
+ 1 day",22:40,10h 00m,1 Stop,"6,147"
54,Air India,"Tue, 30 Nov 2021",Mumbai (BOM),Kolkata,"09:00
+ 1 day",15:25,17h 35m,2 Stop(s),"6,171"
55,Air India,"Tue, 30 Nov 2021",Mumbai (BOM),Kolkata,"19:10
+ 1 day",15:25,27h 45m,2 Stop(s),"6,171"
56,Go First,"Tue, 30 Nov 2021",Mumbai (BOM),Kolkata,"08:00
+ 1 day",20:15,11h 45m,1 Stop,"6,226"
57,Air Asia,"Tue, 30 Nov 2021",Mumbai (BOM),Kolkata,"07:10
+ 1 day",22:55,8h 15m,1 Stop,"6,477"
58,Air India,"Tue, 30 Nov 2021",Mumbai (BOM),Kolkata,19:10,08:00,11h 10m,1 Stop,"6,486"
59,Air India,"Tue, 30 Nov 2021",Mumbai (BOM),Kolkata,19:10,07:00,12h 10m,1 Stop,"6,486"
60,Air India,"Tue, 30 Nov 2021",Mumbai (BOM),Kolkata,"09:00
+ 1 day",16:00,17h 00m,1 Stop,"6,486"
61,Air India,"Tue, 30 Nov 2021",Mumbai (BOM),Kolkata,"09:00
+ 1 day",08:00,25h 00m,1 Stop,"6,486"
62,Air India,"Tue, 30 Nov 2021",Mumbai (BOM),Kolkata,"09:00
+ 1 day",07:00,26h 00m,1 Stop,"6,486"
63,Air India,"Tue, 30 Nov 2021",Mumbai (BOM),Kolkata,"19:10
+ 1 day",16:00,27h 10m,1 Stop,"6,486"
64,Go First,"Tue, 30 Nov 2021",Mumbai (BOM),Kolkata,11:35,05:45,5h 50m,1 Stop,"6,875"
65,Air India,"Tue, 30 Nov 2021",Mumbai (BOM),Kolkata,22:20,16:00,6h 20m,1 Stop,"6,906"
66,Air India,"Tue, 30 Nov 2021",Mumbai (BOM),Kolkata,19:10,10:00,9h 10m,1 Stop,"6,906"
67,Air India,"Tue, 30 Nov 2021",Mumbai (BOM),Kolkata,"09:00
+ 1 day",19:00,14h 00m,1 Stop,"6,906"
68,Air India,"Tue, 30 Nov 2021",Mumbai (BOM),Kolkata,22:20,08:00,14h 20m,1 Stop,"6,906"
69,Air India,"Tue, 30 Nov 2021",Mumbai (BOM),Kolkata,22:20,07:00,15h 20m,1 Stop,"6,906"
70,Air India,"Tue, 30 Nov 2021",Mumbai (BOM),Kolkata,"08:05
+ 1 day",15:25,16h 40m,3 Stop(s),"6,916"
71,IndiGo,"Tue, 30 Nov 2021",Mumbai (BOM),Kolkata,"00:05
+ 1 day",21:40,2h 25m,Non Stop,"7,203"
72,IndiGo,"Tue, 30 Nov 2021",Mumbai (BOM),Kolkata,19:40,11:10,8h 30m,1 Stop,"7,208"
73,IndiGo,"Tue, 30 Nov 2021",Mumbai (BOM),Kolkata,21:50,11:10,10h 40m,1 Stop,"7,208"
74,Air India,"Tue, 30 Nov 2021",Mumbai (BOM),Kolkata,"08:05
+ 1 day",16:00,16h 05m,2 Stop(s),"7,231"
75,Air India,"Tue, 30 Nov 2021",Mumbai (BOM),Kolkata,"08:05
+ 1 day",08:00,24h 05m,2 Stop(s),"7,231"
76,Air India,"Tue, 30 Nov 2021",Mumbai (BOM),Kolkata,"08:05
+ 1 day",07:00,25h 05m,2 Stop(s),"7,231"
77,Air India,"Tue, 30 Nov 2021",Mumbai (BOM),Kolkata,21:05,09:50,11h 15m,2 Stop(s),"7,237"
78,Air India,"Tue, 30 Nov 2021",Mumbai (BOM),Kolkata,"08:05
+ 1 day",10:00,22h 05m,2 Stop(s),"7,651"
79,IndiGo,"Tue, 30 Nov 2021",Mumbai (BOM),Kolkata,14:35,10:00,4h 35m,1 Stop,"8,071"
80,Vistara,"Tue, 30 Nov 2021",Mumbai (BOM),Kolkata,19:35,07:05,12h 30m,2 Stop(s),"8,234"
81,Air India,"Tue, 30 Nov 2021",Mumbai (BOM),Kolkata,"22:20
+ 1 day",19:20,27h 00m,2 Stop(s),"8,643"
82,Vistara,"Tue, 30 Nov 2021",Mumbai (BOM),Kolkata,22:45,12:15,10h 30m,2 Stop(s),"9,134"
83,Vistara,"Tue, 30 Nov 2021",Mumbai (BOM),Kolkata,"08:20
+ 1 day",12:15,20h 05m,2 Stop(s),"9,134"
84,Vistara,"Tue, 30 Nov 2021",Mumbai (BOM),Kolkata,"09:35
+ 1 day",12:15,21h 20m,2 Stop(s),"9,134"
85,Vistara,"Tue, 30 Nov 2021",Mumbai (BOM),Kolkata,22:45,06:10,16h 35m,2 Stop(s),"9,200"
86,Vistara,"Tue, 30 Nov 2021",Mumbai (BOM),Kolkata,"19:35
+ 1 day",19:20,24h 15m,2 Stop(s),"9,300"
87,Vistara,"Tue, 30 Nov 2021",Mumbai (BOM),Kolkata,22:45,09:55,12h 50m,2 Stop(s),"9,367"
88,Vistara,"Tue, 30 Nov 2021",Mumbai (BOM),Kolkata,19:35,12:15,7h 20m,2 Stop(s),"9,433"
89,Vistara,"Tue, 30 Nov 2021",Mumbai (BOM),Kolkata,19:35,06:10,13h 25m,2 Stop(s),"9,499"
90,Vistara,"Tue, 30 Nov 2021",Mumbai (BOM),Kolkata,22:45,17:30,5h 15m,1 Stop,"9,753"
91,Vistara,"Tue, 30 Nov 2021",Mumbai (BOM),Kolkata,22:45,15:45,7h 00m,1 Stop,"9,753"
92,Vistara,"Tue, 30 Nov 2021",Mumbai (BOM),Kolkata,22:45,14:40,8h 05m,1 Stop,"9,753"
93,Vistara,"Tue, 30 Nov 2021",Mumbai (BOM),Kolkata,"08:20
+ 1 day",22:45,9h 35m,1 Stop,"9,753"
94,Vistara,"Tue, 30 Nov 2021",Mumbai (BOM),Kolkata,"08:20
+ 1 day",21:55,10h 25m,1 Stop,"9,753"
95,Vistara,"Tue, 30 Nov 2021",Mumbai (BOM),Kolkata,22:45,11:55,10h 50m,1 Stop,"9,753"
96,Vistara,"Tue, 30 Nov 2021",Mumbai (BOM),Kolkata,"09:35
+ 1 day",22:45,10h 50m,1 Stop,"9,753"
97,Vistara,"Tue, 30 Nov 2021",Mumbai (BOM),Kolkata,"08:20
+ 1 day",20:55,11h 25m,1 Stop,"9,753"
98,Vistara,"Tue, 30 Nov 2021",Mumbai (BOM),Kolkata,"09:35
+ 1 day",21:55,11h 40m,1 Stop,"9,753"
99,Vistara,"Tue, 30 Nov 2021",Mumbai (BOM),Kolkata,22:45,10:25,12h 20m,1 Stop,"9,753"
100,Vistara,"Tue, 30 Nov 2021",Mumbai (BOM),Kolkata,"09:35
+ 1 day",20:55,12h 40m,1 Stop,"9,753"
101,Vistara,"Tue, 30 Nov 2021",Mumbai (BOM),Kolkata,19:35,11:55,7h 40m,1 Stop,"10,053"
102,Vistara,"Tue, 30 Nov 2021",Mumbai (BOM),Kolkata,19:35,10:25,9h 10m,1 Stop,"10,053"
103,Vistara,"Tue, 30 Nov 2021",Mumbai (BOM),Kolkata,19:35,08:45,10h 50m,1 Stop,"10,053"
104,Vistara,"Tue, 30 Nov 2021",Mumbai (BOM),Kolkata,19:35,07:30,12h 05m,1 Stop,"10,053"
105,Vistara,"Tue, 30 Nov 2021",Mumbai (BOM),Kolkata,19:35,06:30,13h 05m,1 Stop,"10,053"
106,Vistara,"Tue, 30 Nov 2021",Mumbai (BOM),Kolkata,19:35,06:00,13h 35m,1 Stop,"10,053"
107,Vistara,"Tue, 30 Nov 2021",Mumbai (BOM),Kolkata,"08:20
+ 1 day",19:45,12h 35m,1 Stop,"10,488"
108,Vistara,"Tue, 30 Nov 2021",Mumbai (BOM),Kolkata,19:35,09:05,10h 30m,2 Stop(s),"10,529"
109,Go First,"Tue, 30 Nov 2021",Mumbai (BOM),Kolkata,16:15,10:55,5h 20m,1 Stop,"10,666"
110,IndiGo,"Tue, 30 Nov 2021",Mumbai (BOM),Kolkata,20:55,11:40,9h 15m,1 Stop,"10,857"
111,Vistara,"Tue, 30 Nov 2021",Mumbai (BOM),Kolkata,"19:35
+ 1 day",16:05,27h 30m,2 Stop(s),"12,130"
112,Vistara,"Tue, 30 Nov 2021",Mumbai (BOM),Kolkata,19:35,09:55,9h 40m,2 Stop(s),"13,220"
113,Vistara,"Tue, 30 Nov 2021",Mumbai (BOM),Kolkata,22:45,13:20,9h 25m,2 Stop(s),"13,565"
114,Vistara,"Tue, 30 Nov 2021",Mumbai (BOM),Kolkata,22:45,11:25,11h 20m,2 Stop(s),"17,418"
115,Air India,"Wed, 10 Nov 2021",Mumbai (BOM),Kolkata,08:50,06:10,2h 40m,Non Stop,"6,110"
116,Air Asia,"Wed, 10 Nov 2021",Mumbai (BOM),Kolkata,08:05,02:35,5h 30m,1 Stop,"7,410"
117,Air Asia,"Wed, 10 Nov 2021",Mumbai (BOM),Kolkata,19:20,13:05,6h 15m,2 Stop(s),"7,410"
118,Air Asia,"Wed, 10 Nov 2021",Mumbai (BOM),Kolkata,21:05,13:05,8h 00m,1 Stop,"7,410"
119,Air Asia,"Wed, 10 Nov 2021",Mumbai (BOM),Kolkata,"07:10
+ 1 day",22:55,8h 15m,1 Stop,"7,410"
120,Air Asia,"Wed, 10 Nov 2021",Mumbai (BOM),Kolkata,"01:35
+ 1 day",14:55,10h 40m,2 Stop(s),"7,410"
121,Air Asia,"Wed, 10 Nov 2021",Mumbai (BOM),Kolkata,19:15,07:20,11h 55m,1 Stop,"7,410"
122,Air Asia,"Wed, 10 Nov 2021",Mumbai (BOM),Kolkata,"01:25
+ 1 day",13:05,12h 20m,1 Stop,"7,410"
123,Air Asia,"Wed, 10 Nov 2021",Mumbai (BOM),Kolkata,"01:35
+ 1 day",13:05,12h 30m,1 Stop,"7,410"
124,Air Asia,"Wed, 10 Nov 2021",Mumbai (BOM),Kolkata,23:10,07:20,15h 50m,1 Stop,"7,410"
125,Air Asia,"Wed, 10 Nov 2021",Mumbai (BOM),Kolkata,19:20,02:35,16h 45m,2 Stop(s),"7,410"
126,Go First,"Wed, 10 Nov 2021",Mumbai (BOM),Kolkata,07:30,05:00,2h 30m,Non Stop,"7,412"
127,SpiceJet,"Wed, 10 Nov 2021",Mumbai (BOM),Kolkata,09:00,06:15,2h 45m,Non Stop,"7,412"
128,SpiceJet,"Wed, 10 Nov 2021",Mumbai (BOM),Kolkata,20:45,18:00,2h 45m,Non Stop,"7,412"
129,Go First,"Wed, 10 Nov 2021",Mumbai (BOM),Kolkata,23:50,21:00,2h 50m,Non Stop,"7,412"
130,Go First,"Wed, 10 Nov 2021",Mumbai (BOM),Kolkata,11:35,05:45,5h 50m,1 Stop,"7,412"
131,Go First,"Wed, 10 Nov 2021",Mumbai (BOM),Kolkata,21:15,15:15,6h 00m,1 Stop,"7,412"
132,Go First,"Wed, 10 Nov 2021",Mumbai (BOM),Kolkata,"08:40
+ 1 day",22:40,10h 00m,1 Stop,"7,412"
133,Go First,"Wed, 10 Nov 2021",Mumbai (BOM),Kolkata,16:30,06:05,10h 25m,1 Stop,"7,412"
134,Go First,"Wed, 10 Nov 2021",Mumbai (BOM),Kolkata,21:15,10:45,10h 30m,1 Stop,"7,412"
135,Go First,"Wed, 10 Nov 2021",Mumbai (BOM),Kolkata,"08:40
+ 1 day",19:15,13h 25m,1 Stop,"7,412"
136,IndiGo,"Wed, 10 Nov 2021",Mumbai (BOM),Kolkata,23:45,21:20,2h 25m,Non Stop,"7,413"
137,IndiGo,"Wed, 10 Nov 2021",Mumbai (BOM),Kolkata,03:00,00:30,2h 30m,Non Stop,"7,413"
138,IndiGo,"Wed, 10 Nov 2021",Mumbai (BOM),Kolkata,20:10,17:40,2h 30m,Non Stop,"7,413"
139,IndiGo,"Wed, 10 Nov 2021",Mumbai (BOM),Kolkata,09:05,06:30,2h 35m,Non Stop,"7,413"
140,Vistara,"Wed, 10 Nov 2021",Mumbai (BOM),Kolkata,09:45,07:05,2h 40m,Non Stop,"7,413"
141,IndiGo,"Wed, 10 Nov 2021",Mumbai (BOM),Kolkata,10:15,07:35,2h 40m,Non Stop,"7,413"
142,IndiGo,"Wed, 10 Nov 2021",Mumbai (BOM),Kolkata,15:35,12:55,2h 40m,Non Stop,"7,413"
143,Vistara,"Wed, 10 Nov 2021",Mumbai (BOM),Kolkata,16:55,14:00,2h 55m,Non Stop,"7,413"
144,IndiGo,"Wed, 10 Nov 2021",Mumbai (BOM),Kolkata,20:15,15:50,4h 25m,1 Stop,"7,413"
145,IndiGo,"Wed, 10 Nov 2021",Mumbai (BOM),Kolkata,"00:30
+ 1 day",18:30,6h 00m,1 Stop,"7,413"
146,IndiGo,"Wed, 10 Nov 2021",Mumbai (BOM),Kolkata,19:15,12:45,6h 30m,1 Stop,"7,413"
147,IndiGo,"Wed, 10 Nov 2021",Mumbai (BOM),Kolkata,22:45,15:05,7h 40m,1 Stop,"7,413"
148,IndiGo,"Wed, 10 Nov 2021",Mumbai (BOM),Kolkata,19:40,11:10,8h 30m,1 Stop,"7,413"
149,IndiGo,"Wed, 10 Nov 2021",Mumbai (BOM),Kolkata,20:55,11:40,9h 15m,1 Stop,"7,413"
150,IndiGo,"Wed, 10 Nov 2021",Mumbai (BOM),Kolkata,22:40,12:45,9h 55m,1 Stop,"7,413"
151,IndiGo,"Wed, 10 Nov 2021",Mumbai (BOM),Kolkata,"06:05
+ 1 day",19:55,10h 10m,1 Stop,"7,413"
152,IndiGo,"Wed, 10 Nov 2021",Mumbai (BOM),Kolkata,"07:40
+ 1 day",21:30,10h 10m,1 Stop,"7,413"
153,IndiGo,"Wed, 10 Nov 2021",Mumbai (BOM),Kolkata,21:50,11:10,10h 40m,1 Stop,"7,413"
154,IndiGo,"Wed, 10 Nov 2021",Mumbai (BOM),Kolkata,"06:05
+ 1 day",18:30,11h 35m,1 Stop,"7,413"
155,IndiGo,"Wed, 10 Nov 2021",Mumbai (BOM),Kolkata,"00:30
+ 1 day",12:45,11h 45m,1 Stop,"7,413"
156,SpiceJet,"Wed, 10 Nov 2021",Mumbai (BOM),Kolkata,20:50,06:00,14h 50m,1 Stop,"7,728"
157,Air India,"Wed, 10 Nov 2021",Mumbai (BOM),Kolkata,23:15,20:30,2h 45m,Non Stop,"7,833"
158,SpiceJet,"Wed, 10 Nov 2021",Mumbai (BOM),Kolkata,"20:50
+ 1 day",19:30,25h 20m,1 Stop,"8,042"
159,IndiGo,"Wed, 10 Nov 2021",Mumbai (BOM),Kolkata,22:40,17:10,5h 30m,1 Stop,"8,831"
160,IndiGo,"Wed, 10 Nov 2021",Mumbai (BOM),Kolkata,13:20,07:10,6h 10m,1 Stop,"8,831"
161,IndiGo,"Wed, 10 Nov 2021",Mumbai (BOM),Kolkata,22:40,16:20,6h 20m,1 Stop,"8,831"
162,IndiGo,"Wed, 10 Nov 2021",Mumbai (BOM),Kolkata,13:20,06:15,7h 05m,1 Stop,"8,831"
163,IndiGo,"Wed, 10 Nov 2021",Mumbai (BOM),Kolkata,"00:30
+ 1 day",17:10,7h 20m,1 Stop,"8,831"
164,IndiGo,"Wed, 10 Nov 2021",Mumbai (BOM),Kolkata,"00:30
+ 1 day",16:20,8h 10m,1 Stop,"8,831"
165,IndiGo,"Wed, 10 Nov 2021",Mumbai (BOM),Kolkata,19:15,10:45,8h 30m,1 Stop,"8,831"
166,Air India,"Wed, 10 Nov 2021",Mumbai (BOM),Kolkata,"08:05
+ 1 day",20:15,11h 50m,1 Stop,"8,913"
167,Air India,"Wed, 10 Nov 2021",Mumbai (BOM),Kolkata,21:05,09:50,11h 15m,2 Stop(s),"9,071"
168,Go First,"Wed, 10 Nov 2021",Mumbai (BOM),Kolkata,"07:55
+ 1 day",18:30,13h 25m,1 Stop,"9,390"
169,Go First,"Wed, 10 Nov 2021",Mumbai (BOM),Kolkata,16:15,10:55,5h 20m,1 Stop,"9,697"
170,IndiGo,"Wed, 10 Nov 2021",Mumbai (BOM),Kolkata,18:05,12:20,5h 45m,1 Stop,"9,723"
171,Vistara,"Wed, 10 Nov 2021",Mumbai (BOM),Kolkata,22:45,17:30,5h 15m,1 Stop,"9,879"
172,Vistara,"Wed, 10 Nov 2021",Mumbai (BOM),Kolkata,22:45,15:45,7h 00m,1 Stop,"9,879"
173,Vistara,"Wed, 10 Nov 2021",Mumbai (BOM),Kolkata,19:35,11:55,7h 40m,1 Stop,"9,879"
174,Vistara,"Wed, 10 Nov 2021",Mumbai (BOM),Kolkata,22:45,14:40,8h 05m,1 Stop,"9,879"
175,Vistara,"Wed, 10 Nov 2021",Mumbai (BOM),Kolkata,"08:20
+ 1 day",21:55,10h 25m,1 Stop,"9,879"
176,Vistara,"Wed, 10 Nov 2021",Mumbai (BOM),Kolkata,19:35,08:45,10h 50m,1 Stop,"9,879"
177,Vistara,"Wed, 10 Nov 2021",Mumbai (BOM),Kolkata,22:45,11:55,10h 50m,1 Stop,"9,879"
178,Vistara,"Wed, 10 Nov 2021",Mumbai (BOM),Kolkata,"08:20
+ 1 day",20:55,11h 25m,1 Stop,"9,879"
179,Vistara,"Wed, 10 Nov 2021",Mumbai (BOM),Kolkata,"09:35
+ 1 day",21:55,11h 40m,1 Stop,"9,879"
180,Vistara,"Wed, 10 Nov 2021",Mumbai (BOM),Kolkata,19:35,07:30,12h 05m,1 Stop,"9,879"
181,Vistara,"Wed, 10 Nov 2021",Mumbai (BOM),Kolkata,"08:20
+ 1 day",19:45,12h 35m,1 Stop,"9,879"
182,Vistara,"Wed, 10 Nov 2021",Mumbai (BOM),Kolkata,"09:35
+ 1 day",20:55,12h 40m,1 Stop,"9,879"
183,Vistara,"Wed, 10 Nov 2021",Mumbai (BOM),Kolkata,19:35,06:30,13h 05m,1 Stop,"9,879"
184,Vistara,"Wed, 10 Nov 2021",Mumbai (BOM),Kolkata,"08:20
+ 1 day",18:30,13h 50m,1 Stop,"9,879"
185,Vistara,"Wed, 10 Nov 2021",Mumbai (BOM),Kolkata,"09:35
+ 1 day",19:45,13h 50m,1 Stop,"9,879"
186,Vistara,"Wed, 10 Nov 2021",Mumbai (BOM),Kolkata,22:45,08:45,14h 00m,1 Stop,"9,879"
187,Vistara,"Wed, 10 Nov 2021",Mumbai (BOM),Kolkata,"08:20
+ 1 day",17:30,14h 50m,1 Stop,"9,879"
188,Air India,"Wed, 10 Nov 2021",Mumbai (BOM),Kolkata,22:20,10:00,12h 20m,1 Stop,"9,946"
189,Air India,"Wed, 10 Nov 2021",Mumbai (BOM),Kolkata,22:20,08:00,14h 20m,1 Stop,"9,946"
190,Air India,"Wed, 10 Nov 2021",Mumbai (BOM),Kolkata,22:20,07:05,15h 15m,2 Stop(s),"9,946"
191,Air India,"Wed, 10 Nov 2021",Mumbai (BOM),Kolkata,22:20,07:00,15h 20m,1 Stop,"9,946"
192,IndiGo,"Wed, 10 Nov 2021",Mumbai (BOM),Kolkata,22:25,16:55,5h 30m,1 Stop,"9,986"
193,IndiGo,"Wed, 10 Nov 2021",Mumbai (BOM),Kolkata,22:25,12:20,10h 05m,1 Stop,"9,986"
194,Vistara,"Wed, 10 Nov 2021",Mumbai (BOM),Kolkata,19:35,10:25,9h 10m,1 Stop,"10,058"
195,Vistara,"Wed, 10 Nov 2021",Mumbai (BOM),Kolkata,22:45,10:25,12h 20m,1 Stop,"10,058"
196,Vistara,"Wed, 10 Nov 2021",Mumbai (BOM),Kolkata,"08:20
+ 1 day",22:45,9h 35m,1 Stop,"10,593"
197,Vistara,"Wed, 10 Nov 2021",Mumbai (BOM),Kolkata,19:35,06:00,13h 35m,1 Stop,"10,593"
198,IndiGo,"Wed, 10 Nov 2021",Mumbai (BOM),Kolkata,22:55,16:15,6h 40m,1 Stop,"10,826"
199,Air India,"Wed, 10 Nov 2021",Mumbai (BOM),Kolkata,19:10,10:00,9h 10m,1 Stop,"10,904"
200,Air India,"Wed, 10 Nov 2021",Mumbai (BOM),Kolkata,19:10,08:00,11h 10m,1 Stop,"10,904"
201,Air India,"Wed, 10 Nov 2021",Mumbai (BOM),Kolkata,19:10,07:05,12h 05m,2 Stop(s),"10,904"
202,Air India,"Wed, 10 Nov 2021",Mumbai (BOM),Kolkata,19:10,07:00,12h 10m,1 Stop,"10,904"
203,Air India,"Wed, 10 Nov 2021",Mumbai (BOM),Kolkata,"22:20
+ 1 day",05:45,40h 35m,2 Stop(s),"10,913"
204,Air India,"Wed, 10 Nov 2021",Mumbai (BOM),Kolkata,"13:30
+ 1 day",16:45,20h 45m,1 Stop,"11,193"
205,Air India,"Wed, 10 Nov 2021",Mumbai (BOM),Kolkata,"13:30
+ 1 day",09:30,28h 00m,1 Stop,"11,193"
206,Air India,"Wed, 10 Nov 2021",Mumbai (BOM),Kolkata,"09:00
+ 1 day",15:25,17h 35m,2 Stop(s),"11,324"
207,Air India,"Wed, 10 Nov 2021",Mumbai (BOM),Kolkata,"19:10
+ 1 day",15:25,27h 45m,2 Stop(s),"11,324"
208,Air India,"Wed, 10 Nov 2021",Mumbai (BOM),Kolkata,22:20,05:45,16h 35m,2 Stop(s),"11,375"
209,Go First,"Wed, 10 Nov 2021",Mumbai (BOM),Kolkata,21:45,13:30,8h 15m,1 Stop,"11,377"
210,Go First,"Wed, 10 Nov 2021",Mumbai (BOM),Kolkata,"08:00
+ 1 day",23:45,8h 15m,1 Stop,"11,377"
211,Go First,"Wed, 10 Nov 2021",Mumbai (BOM),Kolkata,"08:00
+ 1 day",22:40,9h 20m,1 Stop,"11,377"
212,Go First,"Wed, 10 Nov 2021",Mumbai (BOM),Kolkata,21:45,12:15,9h 30m,1 Stop,"11,377"
213,Go First,"Wed, 10 Nov 2021",Mumbai (BOM),Kolkata,"08:00
+ 1 day",21:15,10h 45m,1 Stop,"11,377"
214,Go First,"Wed, 10 Nov 2021",Mumbai (BOM),Kolkata,21:45,09:55,11h 50m,1 Stop,"11,377"
215,Air India,"Wed, 10 Nov 2021",Mumbai (BOM),Kolkata,"09:00
+ 1 day",19:00,14h 00m,1 Stop,"11,809"
216,Air India,"Wed, 10 Nov 2021",Mumbai (BOM),Kolkata,"09:00
+ 1 day",18:00,15h 00m,1 Stop,"11,809"
217,Air India,"Wed, 10 Nov 2021",Mumbai (BOM),Kolkata,"19:10
+ 1 day",19:00,24h 10m,1 Stop,"11,809"
218,Air India,"Wed, 10 Nov 2021",Mumbai (BOM),Kolkata,"19:10
+ 1 day",18:00,25h 10m,1 Stop,"11,809"
219,Air India,"Wed, 10 Nov 2021",Mumbai (BOM),Kolkata,"09:00
+ 1 day",05:45,27h 15m,2 Stop(s),"11,837"
220,Air India,"Wed, 10 Nov 2021",Mumbai (BOM),Kolkata,"09:00
+ 1 day",05:45,27h 15m,2 Stop(s),"11,837"
221,Air India,"Wed, 10 Nov 2021",Mumbai (BOM),Kolkata,"19:10
+ 1 day",05:45,37h 25m,2 Stop(s),"11,837"
222,IndiGo,"Wed, 10 Nov 2021",Mumbai (BOM),Kolkata,22:25,18:30,3h 55m,1 Stop,"11,876"
223,Go First,"Wed, 10 Nov 2021",Mumbai (BOM),Kolkata,16:30,11:20,5h 10m,1 Stop,"12,033"
224,IndiGo,"Wed, 10 Nov 2021",Mumbai (BOM),Kolkata,14:35,10:00,4h 35m,1 Stop,"12,296"
225,IndiGo,"Wed, 10 Nov 2021",Mumbai (BOM),Kolkata,22:25,13:45,8h 40m,1 Stop,"12,348"
226,Air India,"Wed, 10 Nov 2021",Mumbai (BOM),Kolkata,"08:05
+ 1 day",15:25,16h 40m,3 Stop(s),"12,939"
227,Air India,"Wed, 10 Nov 2021",Mumbai (BOM),Kolkata,"08:05
+ 1 day",10:00,22h 05m,2 Stop(s),"12,939"
228,Air India,"Wed, 10 Nov 2021",Mumbai (BOM),Kolkata,"08:05
+ 1 day",08:00,24h 05m,2 Stop(s),"12,939"
229,Vistara,"Wed, 10 Nov 2021",Mumbai (BOM),Kolkata,19:35,06:10,13h 25m,2 Stop(s),"13,222"
230,Vistara,"Wed, 10 Nov 2021",Mumbai (BOM),Kolkata,22:45,06:10,16h 35m,2 Stop(s),"13,222"
231,Vistara,"Wed, 10 Nov 2021",Mumbai (BOM),Kolkata,"19:35
+ 1 day",19:20,24h 15m,2 Stop(s),"13,222"
232,Vistara,"Wed, 10 Nov 2021",Mumbai (BOM),Kolkata,19:35,12:15,7h 20m,2 Stop(s),"14,274"
233,Vistara,"Wed, 10 Nov 2021",Mumbai (BOM),Kolkata,22:45,12:15,10h 30m,2 Stop(s),"14,274"
234,Vistara,"Wed, 10 Nov 2021",Mumbai (BOM),Kolkata,22:45,09:55,12h 50m,2 Stop(s),"14,573"
235,Vistara,"Wed, 10 Nov 2021",Mumbai (BOM),Kolkata,"08:20
+ 1 day",09:55,22h 25m,2 Stop(s),"14,573"
236,IndiGo,"Wed, 10 Nov 2021",Mumbai (BOM),Kolkata,17:25,09:20,8h 05m,1 Stop,"14,763"
237,IndiGo,"Wed, 10 Nov 2021",Mumbai (BOM),Kolkata,20:15,09:20,10h 55m,1 Stop,"14,763"
238,Vistara,"Wed, 10 Nov 2021",Mumbai (BOM),Kolkata,"19:35
+ 1 day",16:05,27h 30m,2 Stop(s),"15,183"
239,Vistara,"Wed, 10 Nov 2021",Mumbai (BOM),Kolkata,19:35,09:55,9h 40m,2 Stop(s),"15,498"
240,Vistara,"Wed, 10 Nov 2021",Mumbai (BOM),Kolkata,19:35,07:05,12h 30m,2 Stop(s),"16,078"
241,Vistara,"Wed, 10 Nov 2021",Mumbai (BOM),Kolkata,19:35,09:05,10h 30m,2 Stop(s),"16,225"
242,Vistara,"Wed, 10 Nov 2021",Mumbai (BOM),Kolkata,22:45,13:20,9h 25m,2 Stop(s),"16,316"
243,Vistara,"Wed, 10 Nov 2021",Mumbai (BOM),Kolkata,22:45,11:25,11h 20m,2 Stop(s),"21,221"
