,Airline,Date_of_journey,Departure,Arrival,Arr_time,Dep_time,Duration,Total_stops,Price
0,IndiGo,"Fri, 19 Nov 2021",Bangalore (BLR),New Delhi,22:25,16:20,6h 05m,1 Stop,"3,546"
1,IndiGo,"Fri, 19 Nov 2021",Bangalore (BLR),New Delhi,19:55,13:05,6h 50m,1 Stop,"3,546"
2,IndiGo,"Fri, 19 Nov 2021",Bangalore (BLR),New Delhi,"07:15
+ 1 day",23:45,7h 30m,1 Stop,"3,546"
3,IndiGo,"Fri, 19 Nov 2021",Bangalore (BLR),New Delhi,17:35,09:50,7h 45m,1 Stop,"3,546"
4,IndiGo,"Fri, 19 Nov 2021",Bangalore (BLR),New Delhi,22:25,13:05,9h 20m,1 Stop,"3,546"
5,IndiGo,"Fri, 19 Nov 2021",Bangalore (BLR),New Delhi,"07:15
+ 1 day",21:55,9h 20m,1 Stop,"3,546"
6,IndiGo,"Fri, 19 Nov 2021",Bangalore (BLR),New Delhi,19:55,10:15,9h 40m,1 Stop,"3,546"
7,IndiGo,"Fri, 19 Nov 2021",Bangalore (BLR),New Delhi,19:55,09:20,10h 35m,1 Stop,"3,546"
8,SpiceJet,"Fri, 19 Nov 2021",Bangalore (BLR),New Delhi,"00:25
+ 1 day",05:40,18h 45m,1 Stop,"3,916"
9,Air Asia,"Fri, 19 Nov 2021",Bangalore (BLR),New Delhi,02:50,00:10,2h 40m,Non Stop,"4,200"
10,Air Asia,"Fri, 19 Nov 2021",Bangalore (BLR),New Delhi,08:55,06:15,2h 40m,Non Stop,"4,200"
11,SpiceJet,"Fri, 19 Nov 2021",Bangalore (BLR),New Delhi,08:40,05:55,2h 45m,Non Stop,"4,200"
12,IndiGo,"Fri, 19 Nov 2021",Bangalore (BLR),New Delhi,12:15,09:30,2h 45m,Non Stop,"4,200"
13,Air Asia,"Fri, 19 Nov 2021",Bangalore (BLR),New Delhi,14:05,11:20,2h 45m,Non Stop,"4,200"
14,IndiGo,"Fri, 19 Nov 2021",Bangalore (BLR),New Delhi,16:45,14:00,2h 45m,Non Stop,"4,200"
15,SpiceJet,"Fri, 19 Nov 2021",Bangalore (BLR),New Delhi,21:50,19:05,2h 45m,Non Stop,"4,200"
16,Air Asia,"Fri, 19 Nov 2021",Bangalore (BLR),New Delhi,03:35,00:45,2h 50m,Non Stop,"4,200"
17,IndiGo,"Fri, 19 Nov 2021",Bangalore (BLR),New Delhi,09:30,06:40,2h 50m,Non Stop,"4,200"
18,Go First,"Fri, 19 Nov 2021",Bangalore (BLR),New Delhi,10:30,07:40,2h 50m,Non Stop,"4,200"
19,IndiGo,"Fri, 19 Nov 2021",Bangalore (BLR),New Delhi,19:20,16:30,2h 50m,Non Stop,"4,200"
20,Go First,"Fri, 19 Nov 2021",Bangalore (BLR),New Delhi,23:50,21:00,2h 50m,Non Stop,"4,200"
21,SpiceJet,"Fri, 19 Nov 2021",Bangalore (BLR),New Delhi,"00:35
+ 1 day",21:45,2h 50m,Non Stop,"4,200"
22,Air Asia,"Fri, 19 Nov 2021",Bangalore (BLR),New Delhi,"01:00
+ 1 day",22:10,2h 50m,Non Stop,"4,200"
23,IndiGo,"Fri, 19 Nov 2021",Bangalore (BLR),New Delhi,07:35,04:40,2h 55m,Non Stop,"4,200"
24,IndiGo,"Fri, 19 Nov 2021",Bangalore (BLR),New Delhi,14:50,11:55,2h 55m,Non Stop,"4,200"
25,IndiGo,"Fri, 19 Nov 2021",Bangalore (BLR),New Delhi,20:45,17:50,2h 55m,Non Stop,"4,200"
26,IndiGo,"Fri, 19 Nov 2021",Bangalore (BLR),New Delhi,22:10,19:15,2h 55m,Non Stop,"4,200"
27,IndiGo,"Fri, 19 Nov 2021",Bangalore (BLR),New Delhi,"01:05
+ 1 day",22:10,2h 55m,Non Stop,"4,200"
28,IndiGo,"Fri, 19 Nov 2021",Bangalore (BLR),New Delhi,23:10,20:10,3h 00m,Non Stop,"4,200"
29,Air India,"Fri, 19 Nov 2021",Bangalore (BLR),New Delhi,19:20,06:45,12h 35m,2 Stop(s),"4,294"
30,Air India,"Fri, 19 Nov 2021",Bangalore (BLR),New Delhi,"11:10
+ 1 day",19:10,16h 00m,2 Stop(s),"4,294"
31,Air India,"Fri, 19 Nov 2021",Bangalore (BLR),New Delhi,"11:10
+ 1 day",06:45,28h 25m,2 Stop(s),"4,294"
32,IndiGo,"Fri, 19 Nov 2021",Bangalore (BLR),New Delhi,23:45,18:45,5h 00m,1 Stop,"4,318"
33,IndiGo,"Fri, 19 Nov 2021",Bangalore (BLR),New Delhi,23:45,16:20,7h 25m,1 Stop,"4,318"
34,IndiGo,"Fri, 19 Nov 2021",Bangalore (BLR),New Delhi,23:45,13:05,10h 40m,1 Stop,"4,318"
35,Vistara,"Fri, 19 Nov 2021",Bangalore (BLR),New Delhi,20:20,17:45,2h 35m,Non Stop,"4,369"
36,Vistara,"Fri, 19 Nov 2021",Bangalore (BLR),New Delhi,09:40,07:00,2h 40m,Non Stop,"4,369"
37,Vistara,"Fri, 19 Nov 2021",Bangalore (BLR),New Delhi,10:40,08:00,2h 40m,Non Stop,"4,369"
38,Vistara,"Fri, 19 Nov 2021",Bangalore (BLR),New Delhi,14:10,11:30,2h 40m,Non Stop,"4,369"
39,Vistara,"Fri, 19 Nov 2021",Bangalore (BLR),New Delhi,22:25,19:40,2h 45m,Non Stop,"4,369"
40,Vistara,"Fri, 19 Nov 2021",Bangalore (BLR),New Delhi,12:40,09:45,2h 55m,Non Stop,"4,369"
41,Go First,"Fri, 19 Nov 2021",Bangalore (BLR),New Delhi,23:30,16:30,7h 00m,1 Stop,"4,374"
42,Go First,"Fri, 19 Nov 2021",Bangalore (BLR),New Delhi,"00:50
+ 1 day",16:30,8h 20m,1 Stop,"4,374"
43,Air India,"Fri, 19 Nov 2021",Bangalore (BLR),New Delhi,15:50,13:20,2h 30m,Non Stop,"4,491"
44,Air India,"Fri, 19 Nov 2021",Bangalore (BLR),New Delhi,13:00,10:25,2h 35m,Non Stop,"4,491"
45,Air India,"Fri, 19 Nov 2021",Bangalore (BLR),New Delhi,08:55,06:10,2h 45m,Non Stop,"4,491"
46,Air India,"Fri, 19 Nov 2021",Bangalore (BLR),New Delhi,20:35,17:50,2h 45m,Non Stop,"4,491"
47,Vistara,"Fri, 19 Nov 2021",Bangalore (BLR),New Delhi,"12:30
+ 1 day",19:25,17h 05m,1 Stop,"4,577"
48,Vistara,"Fri, 19 Nov 2021",Bangalore (BLR),New Delhi,"20:00
+ 1 day",19:25,24h 35m,1 Stop,"4,577"
49,Vistara,"Fri, 19 Nov 2021",Bangalore (BLR),New Delhi,"22:40
+ 1 day",19:25,27h 15m,1 Stop,"4,577"
50,Air India,"Fri, 19 Nov 2021",Bangalore (BLR),New Delhi,"20:30
+ 1 day",19:10,25h 20m,1 Stop,"4,609"
51,Air India,"Fri, 19 Nov 2021",Bangalore (BLR),New Delhi,"21:15
+ 1 day",19:10,26h 05m,1 Stop,"4,609"
52,Go First,"Fri, 19 Nov 2021",Bangalore (BLR),New Delhi,22:25,16:30,5h 55m,1 Stop,"4,659"
53,Vistara,"Fri, 19 Nov 2021",Bangalore (BLR),New Delhi,23:45,21:10,2h 35m,Non Stop,"4,684"
54,SpiceJet,"Fri, 19 Nov 2021",Bangalore (BLR),New Delhi,19:25,09:45,9h 40m,1 Stop,"4,704"
55,Air India,"Fri, 19 Nov 2021",Bangalore (BLR),New Delhi,"13:50
+ 1 day",18:50,19h 00m,1 Stop,"4,744"
56,Air India,"Fri, 19 Nov 2021",Bangalore (BLR),New Delhi,"18:30
+ 1 day",18:50,23h 40m,1 Stop,"4,744"
57,Go First,"Fri, 19 Nov 2021",Bangalore (BLR),New Delhi,12:20,07:30,4h 50m,1 Stop,"4,761"
58,SpiceJet,"Fri, 19 Nov 2021",Bangalore (BLR),New Delhi,19:25,09:20,10h 05m,1 Stop,"4,808"
59,Air Asia,"Fri, 19 Nov 2021",Bangalore (BLR),New Delhi,20:10,13:00,7h 10m,1 Stop,"4,845"
60,Air Asia,"Fri, 19 Nov 2021",Bangalore (BLR),New Delhi,20:50,13:00,7h 50m,1 Stop,"4,845"
61,IndiGo,"Fri, 19 Nov 2021",Bangalore (BLR),New Delhi,18:10,13:05,5h 05m,1 Stop,"4,883"
62,IndiGo,"Fri, 19 Nov 2021",Bangalore (BLR),New Delhi,"01:40
+ 1 day",18:40,7h 00m,1 Stop,"4,883"
63,IndiGo,"Fri, 19 Nov 2021",Bangalore (BLR),New Delhi,18:10,10:15,7h 55m,1 Stop,"4,883"
64,IndiGo,"Fri, 19 Nov 2021",Bangalore (BLR),New Delhi,18:10,09:20,8h 50m,1 Stop,"4,883"
65,IndiGo,"Fri, 19 Nov 2021",Bangalore (BLR),New Delhi,16:10,06:55,9h 15m,1 Stop,"4,883"
66,Vistara,"Fri, 19 Nov 2021",Bangalore (BLR),New Delhi,"09:00
+ 1 day",19:25,13h 35m,1 Stop,"4,892"
67,Air India,"Fri, 19 Nov 2021",Bangalore (BLR),New Delhi,18:15,06:45,11h 30m,1 Stop,"5,029"
68,Air India,"Fri, 19 Nov 2021",Bangalore (BLR),New Delhi,20:30,06:45,13h 45m,1 Stop,"5,029"
69,Air India,"Fri, 19 Nov 2021",Bangalore (BLR),New Delhi,"08:55
+ 1 day",19:10,13h 45m,1 Stop,"5,029"
70,Air India,"Fri, 19 Nov 2021",Bangalore (BLR),New Delhi,21:15,06:45,14h 30m,1 Stop,"5,029"
71,Air India,"Fri, 19 Nov 2021",Bangalore (BLR),New Delhi,"10:15
+ 1 day",19:10,15h 05m,1 Stop,"5,029"
72,Air India,"Fri, 19 Nov 2021",Bangalore (BLR),New Delhi,"12:15
+ 1 day",19:10,17h 05m,1 Stop,"5,029"
73,Air India,"Fri, 19 Nov 2021",Bangalore (BLR),New Delhi,"18:15
+ 1 day",19:10,23h 05m,1 Stop,"5,029"
74,Air India,"Fri, 19 Nov 2021",Bangalore (BLR),New Delhi,"08:55
+ 1 day",18:50,14h 05m,1 Stop,"5,164"
75,Go First,"Fri, 19 Nov 2021",Bangalore (BLR),New Delhi,12:10,05:45,6h 25m,1 Stop,"5,333"
76,Go First,"Fri, 19 Nov 2021",Bangalore (BLR),New Delhi,14:30,05:45,8h 45m,1 Stop,"5,333"
77,IndiGo,"Fri, 19 Nov 2021",Bangalore (BLR),New Delhi,"00:45
+ 1 day",18:45,6h 00m,1 Stop,"5,473"
78,IndiGo,"Fri, 19 Nov 2021",Bangalore (BLR),New Delhi,"00:45
+ 1 day",16:20,8h 25m,1 Stop,"5,473"
79,IndiGo,"Fri, 19 Nov 2021",Bangalore (BLR),New Delhi,"09:15
+ 1 day",23:45,9h 30m,1 Stop,"5,473"
80,IndiGo,"Fri, 19 Nov 2021",Bangalore (BLR),New Delhi,18:30,11:20,7h 10m,1 Stop,"5,525"
81,Go First,"Fri, 19 Nov 2021",Bangalore (BLR),New Delhi,14:30,08:10,6h 20m,1 Stop,"5,626"
82,Go First,"Fri, 19 Nov 2021",Bangalore (BLR),New Delhi,15:40,08:10,7h 30m,1 Stop,"5,626"
83,Air Asia,"Fri, 19 Nov 2021",Bangalore (BLR),New Delhi,12:00,05:40,6h 20m,1 Stop,"5,718"
84,Air India,"Fri, 19 Nov 2021",Bangalore (BLR),New Delhi,12:15,06:45,5h 30m,1 Stop,"5,974"
85,Go First,"Fri, 19 Nov 2021",Bangalore (BLR),New Delhi,23:30,18:50,4h 40m,1 Stop,"5,980"
86,Air India,"Fri, 19 Nov 2021",Bangalore (BLR),New Delhi,21:10,09:00,12h 10m,2 Stop(s),"6,132"
87,IndiGo,"Fri, 19 Nov 2021",Bangalore (BLR),New Delhi,18:00,10:05,7h 55m,1 Stop,"6,221"
88,Air India,"Fri, 19 Nov 2021",Bangalore (BLR),New Delhi,"21:10
+ 1 day",22:00,23h 10m,1 Stop,"6,294"
89,IndiGo,"Fri, 19 Nov 2021",Bangalore (BLR),New Delhi,11:55,06:10,5h 45m,1 Stop,"6,312"
90,Air Asia,"Fri, 19 Nov 2021",Bangalore (BLR),New Delhi,"01:45
+ 1 day",20:45,5h 00m,1 Stop,"6,430"
91,Air Asia,"Fri, 19 Nov 2021",Bangalore (BLR),New Delhi,10:55,05:25,5h 30m,1 Stop,"6,430"
92,Air India,"Fri, 19 Nov 2021",Bangalore (BLR),New Delhi,21:35,13:50,7h 45m,1 Stop,"6,528"
93,IndiGo,"Fri, 19 Nov 2021",Bangalore (BLR),New Delhi,11:55,07:10,4h 45m,1 Stop,"6,565"
94,Go First,"Fri, 19 Nov 2021",Bangalore (BLR),New Delhi,18:00,11:45,6h 15m,1 Stop,"6,572"
95,Go First,"Fri, 19 Nov 2021",Bangalore (BLR),New Delhi,19:00,11:45,7h 15m,1 Stop,"6,572"
96,Go First,"Fri, 19 Nov 2021",Bangalore (BLR),New Delhi,18:00,09:15,8h 45m,1 Stop,"6,572"
97,SpiceJet,"Fri, 19 Nov 2021",Bangalore (BLR),New Delhi,"10:40
+ 1 day",09:45,24h 55m,1 Stop,"6,594"
98,Air Asia,"Fri, 19 Nov 2021",Bangalore (BLR),New Delhi,"02:10
+ 1 day",18:30,7h 40m,1 Stop,"6,625"
99,SpiceJet,"Fri, 19 Nov 2021",Bangalore (BLR),New Delhi,"10:40
+ 1 day",09:20,25h 20m,1 Stop,"6,698"
100,Go First,"Fri, 19 Nov 2021",Bangalore (BLR),New Delhi,15:30,09:15,6h 15m,1 Stop,"6,772"
101,IndiGo,"Fri, 19 Nov 2021",Bangalore (BLR),New Delhi,"09:15
+ 1 day",23:00,10h 15m,1 Stop,"7,173"
102,Air India,"Fri, 19 Nov 2021",Bangalore (BLR),New Delhi,23:45,11:50,11h 55m,1 Stop,"7,371"
103,Go First,"Fri, 19 Nov 2021",Bangalore (BLR),New Delhi,13:30,07:00,6h 30m,1 Stop,"7,417"
104,SpiceJet,"Fri, 19 Nov 2021",Bangalore (BLR),New Delhi,"01:00
+ 1 day",05:55,19h 05m,1 Stop,"7,446"
105,SpiceJet,"Fri, 19 Nov 2021",Bangalore (BLR),New Delhi,22:35,15:05,7h 30m,1 Stop,"7,592"
106,Air India,"Fri, 19 Nov 2021",Bangalore (BLR),New Delhi,21:35,07:00,14h 35m,1 Stop,"7,757"
107,Air India,"Fri, 19 Nov 2021",Bangalore (BLR),New Delhi,"08:30
+ 1 day",07:00,25h 30m,1 Stop,"7,757"
108,SpiceJet,"Fri, 19 Nov 2021",Bangalore (BLR),New Delhi,22:10,05:55,16h 15m,1 Stop,"7,762"
109,Air Asia,"Fri, 19 Nov 2021",Bangalore (BLR),New Delhi,19:20,11:45,7h 35m,1 Stop,"7,986"
110,SpiceJet,"Fri, 19 Nov 2021",Bangalore (BLR),New Delhi,14:25,06:05,8h 20m,1 Stop,"8,032"
111,SpiceJet,"Fri, 19 Nov 2021",Bangalore (BLR),New Delhi,18:00,06:05,11h 55m,1 Stop,"8,032"
112,Air Asia,"Fri, 19 Nov 2021",Bangalore (BLR),New Delhi,14:00,07:05,6h 55m,1 Stop,"8,059"
113,Air Asia,"Fri, 19 Nov 2021",Bangalore (BLR),New Delhi,16:15,09:05,7h 10m,1 Stop,"8,059"
114,Vistara,"Fri, 19 Nov 2021",Bangalore (BLR),New Delhi,"00:55
+ 1 day",19:55,5h 00m,1 Stop,"8,145"
115,Vistara,"Fri, 19 Nov 2021",Bangalore (BLR),New Delhi,14:05,06:40,7h 25m,1 Stop,"8,145"
116,Vistara,"Fri, 19 Nov 2021",Bangalore (BLR),New Delhi,16:55,06:40,10h 15m,1 Stop,"8,145"
117,Vistara,"Fri, 19 Nov 2021",Bangalore (BLR),New Delhi,"08:35
+ 1 day",21:40,10h 55m,1 Stop,"8,145"
118,Air Asia,"Fri, 19 Nov 2021",Bangalore (BLR),New Delhi,"00:35
+ 1 day",17:30,7h 05m,1 Stop,"8,169"
119,SpiceJet,"Fri, 19 Nov 2021",Bangalore (BLR),New Delhi,17:45,05:55,11h 50m,1 Stop,"8,182"
120,Air India,"Fri, 19 Nov 2021",Bangalore (BLR),New Delhi,"20:55
+ 1 day",18:45,26h 10m,1 Stop,"8,207"
121,Vistara,"Fri, 19 Nov 2021",Bangalore (BLR),New Delhi,"16:30
+ 1 day",11:30,29h 00m,2 Stop(s),"8,394"
122,Vistara,"Fri, 19 Nov 2021",Bangalore (BLR),New Delhi,"16:30
+ 1 day",09:30,31h 00m,2 Stop(s),"8,394"
123,Air India,"Fri, 19 Nov 2021",Bangalore (BLR),New Delhi,"14:40
+ 1 day",18:45,19h 55m,1 Stop,"8,522"
124,Vistara,"Fri, 19 Nov 2021",Bangalore (BLR),New Delhi,19:55,06:40,13h 15m,2 Stop(s),"8,559"
125,Vistara,"Fri, 19 Nov 2021",Bangalore (BLR),New Delhi,"16:30
+ 1 day",21:40,18h 50m,2 Stop(s),"8,559"
126,Vistara,"Fri, 19 Nov 2021",Bangalore (BLR),New Delhi,"16:30
+ 1 day",19:55,20h 35m,2 Stop(s),"8,559"
127,Vistara,"Fri, 19 Nov 2021",Bangalore (BLR),New Delhi,12:40,06:40,6h 00m,1 Stop,"8,565"
128,Vistara,"Fri, 19 Nov 2021",Bangalore (BLR),New Delhi,16:30,06:40,9h 50m,2 Stop(s),"8,762"
129,Vistara,"Fri, 19 Nov 2021",Bangalore (BLR),New Delhi,"19:55
+ 1 day",21:40,22h 15m,2 Stop(s),"8,762"
130,Vistara,"Fri, 19 Nov 2021",Bangalore (BLR),New Delhi,"19:55
+ 1 day",19:55,24h 00m,2 Stop(s),"8,762"
131,Vistara,"Fri, 19 Nov 2021",Bangalore (BLR),New Delhi,16:55,11:30,5h 25m,1 Stop,"8,781"
132,Vistara,"Fri, 19 Nov 2021",Bangalore (BLR),New Delhi,"00:55
+ 1 day",18:25,6h 30m,1 Stop,"8,781"
133,Vistara,"Fri, 19 Nov 2021",Bangalore (BLR),New Delhi,18:05,11:30,6h 35m,1 Stop,"8,781"
134,Vistara,"Fri, 19 Nov 2021",Bangalore (BLR),New Delhi,16:55,09:30,7h 25m,1 Stop,"8,781"
135,Vistara,"Fri, 19 Nov 2021",Bangalore (BLR),New Delhi,18:05,09:30,8h 35m,1 Stop,"8,781"
136,SpiceJet,"Fri, 19 Nov 2021",Bangalore (BLR),New Delhi,"15:20
+ 1 day",14:25,24h 55m,1 Stop,"8,852"
137,Vistara,"Fri, 19 Nov 2021",Bangalore (BLR),New Delhi,23:00,18:25,4h 35m,1 Stop,"8,886"
138,Vistara,"Fri, 19 Nov 2021",Bangalore (BLR),New Delhi,19:40,11:30,8h 10m,1 Stop,"8,886"
139,Vistara,"Fri, 19 Nov 2021",Bangalore (BLR),New Delhi,20:40,11:30,9h 10m,1 Stop,"8,886"
140,Vistara,"Fri, 19 Nov 2021",Bangalore (BLR),New Delhi,19:40,09:30,10h 10m,1 Stop,"8,886"
141,SpiceJet,"Fri, 19 Nov 2021",Bangalore (BLR),New Delhi,"11:20
+ 1 day",15:05,20h 15m,1 Stop,"9,062"
142,Vistara,"Fri, 19 Nov 2021",Bangalore (BLR),New Delhi,"16:30
+ 1 day",18:25,22h 05m,2 Stop(s),"9,194"
143,Vistara,"Fri, 19 Nov 2021",Bangalore (BLR),New Delhi,21:55,11:30,10h 25m,1 Stop,"9,201"
144,Vistara,"Fri, 19 Nov 2021",Bangalore (BLR),New Delhi,22:20,07:15,15h 05m,1 Stop,"9,347"
145,IndiGo,"Fri, 19 Nov 2021",Bangalore (BLR),New Delhi,20:25,15:20,5h 05m,1 Stop,"9,407"
146,IndiGo,"Fri, 19 Nov 2021",Bangalore (BLR),New Delhi,22:35,15:20,7h 15m,1 Stop,"9,407"
147,Go First,"Fri, 19 Nov 2021",Bangalore (BLR),New Delhi,21:45,16:10,5h 35m,1 Stop,"9,442"
148,Air India,"Fri, 19 Nov 2021",Bangalore (BLR),New Delhi,23:45,06:45,17h 00m,2 Stop(s),"9,880"
149,IndiGo,"Fri, 19 Nov 2021",Bangalore (BLR),New Delhi,18:30,09:05,9h 25m,1 Stop,"10,231"
150,Go First,"Fri, 19 Nov 2021",Bangalore (BLR),New Delhi,21:00,16:10,4h 50m,1 Stop,"10,680"
151,Vistara,"Fri, 19 Nov 2021",Bangalore (BLR),New Delhi,19:55,10:15,9h 40m,1 Stop,"11,271"
152,Vistara,"Fri, 19 Nov 2021",Bangalore (BLR),New Delhi,14:05,08:30,5h 35m,1 Stop,"11,322"
153,Vistara,"Fri, 19 Nov 2021",Bangalore (BLR),New Delhi,16:55,08:30,8h 25m,1 Stop,"11,322"
154,Vistara,"Fri, 19 Nov 2021",Bangalore (BLR),New Delhi,18:05,08:30,9h 35m,1 Stop,"11,322"
155,Vistara,"Fri, 19 Nov 2021",Bangalore (BLR),New Delhi,16:30,10:15,6h 15m,1 Stop,"11,474"
156,IndiGo,"Fri, 19 Nov 2021",Bangalore (BLR),New Delhi,15:20,08:55,6h 25m,1 Stop,"11,531"
157,Vistara,"Fri, 19 Nov 2021",Bangalore (BLR),New Delhi,20:40,13:50,6h 50m,1 Stop,"11,626"
158,Go First,"Fri, 19 Nov 2021",Bangalore (BLR),New Delhi,20:20,15:45,4h 35m,1 Stop,"12,484"
159,IndiGo,"Fri, 19 Nov 2021",Bangalore (BLR),New Delhi,18:10,10:25,7h 45m,2 Stop(s),"12,957"
160,IndiGo,"Fri, 19 Nov 2021",Bangalore (BLR),New Delhi,16:00,09:05,6h 55m,1 Stop,"13,816"
161,Vistara,"Fri, 19 Nov 2021",Bangalore (BLR),New Delhi,17:05,12:20,4h 45m,1 Stop,"14,472"
162,IndiGo,"Sat, 20 Nov 2021",Bangalore (BLR),New Delhi,22:25,16:20,6h 05m,1 Stop,"3,546"
163,IndiGo,"Sat, 20 Nov 2021",Bangalore (BLR),New Delhi,19:55,13:05,6h 50m,1 Stop,"3,546"
164,IndiGo,"Sat, 20 Nov 2021",Bangalore (BLR),New Delhi,"07:15
+ 1 day",23:45,7h 30m,1 Stop,"3,546"
165,IndiGo,"Sat, 20 Nov 2021",Bangalore (BLR),New Delhi,22:25,13:05,9h 20m,1 Stop,"3,546"
166,IndiGo,"Sat, 20 Nov 2021",Bangalore (BLR),New Delhi,"07:15
+ 1 day",21:55,9h 20m,1 Stop,"3,546"
167,IndiGo,"Sat, 20 Nov 2021",Bangalore (BLR),New Delhi,"09:15
+ 1 day",23:00,10h 15m,1 Stop,"3,546"
168,IndiGo,"Sat, 20 Nov 2021",Bangalore (BLR),New Delhi,19:55,09:20,10h 35m,1 Stop,"3,546"
169,IndiGo,"Sat, 20 Nov 2021",Bangalore (BLR),New Delhi,"07:15
+ 1 day",20:15,11h 00m,1 Stop,"3,546"
170,Air India,"Sat, 20 Nov 2021",Bangalore (BLR),New Delhi,"21:00
+ 1 day",18:50,26h 10m,2 Stop(s),"3,828"
171,SpiceJet,"Sat, 20 Nov 2021",Bangalore (BLR),New Delhi,"00:25
+ 1 day",05:40,18h 45m,1 Stop,"3,916"
172,Air Asia,"Sat, 20 Nov 2021",Bangalore (BLR),New Delhi,02:50,00:10,2h 40m,Non Stop,"4,200"
173,SpiceJet,"Sat, 20 Nov 2021",Bangalore (BLR),New Delhi,08:40,05:55,2h 45m,Non Stop,"4,200"
174,IndiGo,"Sat, 20 Nov 2021",Bangalore (BLR),New Delhi,16:45,14:00,2h 45m,Non Stop,"4,200"
175,SpiceJet,"Sat, 20 Nov 2021",Bangalore (BLR),New Delhi,21:50,19:05,2h 45m,Non Stop,"4,200"
176,Air Asia,"Sat, 20 Nov 2021",Bangalore (BLR),New Delhi,03:35,00:45,2h 50m,Non Stop,"4,200"
177,IndiGo,"Sat, 20 Nov 2021",Bangalore (BLR),New Delhi,09:30,06:40,2h 50m,Non Stop,"4,200"
178,Go First,"Sat, 20 Nov 2021",Bangalore (BLR),New Delhi,10:30,07:40,2h 50m,Non Stop,"4,200"
179,IndiGo,"Sat, 20 Nov 2021",Bangalore (BLR),New Delhi,19:20,16:30,2h 50m,Non Stop,"4,200"
180,Go First,"Sat, 20 Nov 2021",Bangalore (BLR),New Delhi,23:50,21:00,2h 50m,Non Stop,"4,200"
181,SpiceJet,"Sat, 20 Nov 2021",Bangalore (BLR),New Delhi,"00:35
+ 1 day",21:45,2h 50m,Non Stop,"4,200"
182,Air Asia,"Sat, 20 Nov 2021",Bangalore (BLR),New Delhi,"01:00
+ 1 day",22:10,2h 50m,Non Stop,"4,200"
183,IndiGo,"Sat, 20 Nov 2021",Bangalore (BLR),New Delhi,07:35,04:40,2h 55m,Non Stop,"4,200"
184,IndiGo,"Sat, 20 Nov 2021",Bangalore (BLR),New Delhi,20:45,17:50,2h 55m,Non Stop,"4,200"
185,IndiGo,"Sat, 20 Nov 2021",Bangalore (BLR),New Delhi,22:10,19:15,2h 55m,Non Stop,"4,200"
186,IndiGo,"Sat, 20 Nov 2021",Bangalore (BLR),New Delhi,"01:05
+ 1 day",22:10,2h 55m,Non Stop,"4,200"
187,Air India,"Sat, 20 Nov 2021",Bangalore (BLR),New Delhi,"08:55
+ 1 day",11:50,21h 05m,1 Stop,"4,234"
188,Vistara,"Sat, 20 Nov 2021",Bangalore (BLR),New Delhi,20:20,17:45,2h 35m,Non Stop,"4,369"
189,Vistara,"Sat, 20 Nov 2021",Bangalore (BLR),New Delhi,23:45,21:10,2h 35m,Non Stop,"4,369"
190,Vistara,"Sat, 20 Nov 2021",Bangalore (BLR),New Delhi,09:40,07:00,2h 40m,Non Stop,"4,369"
191,Vistara,"Sat, 20 Nov 2021",Bangalore (BLR),New Delhi,10:40,08:00,2h 40m,Non Stop,"4,369"
192,Vistara,"Sat, 20 Nov 2021",Bangalore (BLR),New Delhi,14:10,11:30,2h 40m,Non Stop,"4,369"
193,Vistara,"Sat, 20 Nov 2021",Bangalore (BLR),New Delhi,22:25,19:40,2h 45m,Non Stop,"4,369"
194,Air India,"Sat, 20 Nov 2021",Bangalore (BLR),New Delhi,15:50,13:20,2h 30m,Non Stop,"4,491"
195,Air India,"Sat, 20 Nov 2021",Bangalore (BLR),New Delhi,13:00,10:25,2h 35m,Non Stop,"4,491"
196,Air India,"Sat, 20 Nov 2021",Bangalore (BLR),New Delhi,08:55,06:10,2h 45m,Non Stop,"4,491"
197,Air India,"Sat, 20 Nov 2021",Bangalore (BLR),New Delhi,20:35,17:50,2h 45m,Non Stop,"4,491"
198,Vistara,"Sat, 20 Nov 2021",Bangalore (BLR),New Delhi,"12:30
+ 1 day",19:25,17h 05m,1 Stop,"4,577"
199,Vistara,"Sat, 20 Nov 2021",Bangalore (BLR),New Delhi,"20:00
+ 1 day",19:25,24h 35m,1 Stop,"4,577"
200,Vistara,"Sat, 20 Nov 2021",Bangalore (BLR),New Delhi,"22:40
+ 1 day",19:25,27h 15m,1 Stop,"4,577"
201,IndiGo,"Sat, 20 Nov 2021",Bangalore (BLR),New Delhi,12:15,09:30,2h 45m,Non Stop,"4,601"
202,IndiGo,"Sat, 20 Nov 2021",Bangalore (BLR),New Delhi,14:50,11:55,2h 55m,Non Stop,"4,601"
203,IndiGo,"Sat, 20 Nov 2021",Bangalore (BLR),New Delhi,23:10,20:10,3h 00m,Non Stop,"4,601"
204,Air India,"Sat, 20 Nov 2021",Bangalore (BLR),New Delhi,20:30,06:45,13h 45m,1 Stop,"4,609"
205,Air India,"Sat, 20 Nov 2021",Bangalore (BLR),New Delhi,21:15,06:45,14h 30m,1 Stop,"4,609"
206,Air India,"Sat, 20 Nov 2021",Bangalore (BLR),New Delhi,"08:55
+ 1 day",06:45,26h 10m,1 Stop,"4,609"
207,Air India,"Sat, 20 Nov 2021",Bangalore (BLR),New Delhi,"11:10
+ 1 day",06:45,28h 25m,2 Stop(s),"4,609"
208,IndiGo,"Sat, 20 Nov 2021",Bangalore (BLR),New Delhi,19:55,10:15,9h 40m,1 Stop,"4,632"
209,Air India,"Sat, 20 Nov 2021",Bangalore (BLR),New Delhi,19:50,11:50,8h 00m,1 Stop,"4,654"
210,Air India,"Sat, 20 Nov 2021",Bangalore (BLR),New Delhi,"13:00
+ 1 day",11:50,25h 10m,1 Stop,"4,654"
211,Go First,"Sat, 20 Nov 2021",Bangalore (BLR),New Delhi,22:25,16:30,5h 55m,1 Stop,"4,667"
212,Go First,"Sat, 20 Nov 2021",Bangalore (BLR),New Delhi,23:30,16:30,7h 00m,1 Stop,"4,667"
213,Go First,"Sat, 20 Nov 2021",Bangalore (BLR),New Delhi,"00:50
+ 1 day",16:30,8h 20m,1 Stop,"4,667"
214,Vistara,"Sat, 20 Nov 2021",Bangalore (BLR),New Delhi,12:40,09:45,2h 55m,Non Stop,"4,684"
215,Air India,"Sat, 20 Nov 2021",Bangalore (BLR),New Delhi,"13:50
+ 1 day",18:50,19h 00m,1 Stop,"4,744"
216,Air Asia,"Sat, 20 Nov 2021",Bangalore (BLR),New Delhi,08:55,06:15,2h 40m,Non Stop,"4,829"
217,Air Asia,"Sat, 20 Nov 2021",Bangalore (BLR),New Delhi,14:05,11:20,2h 45m,Non Stop,"4,829"
218,Air Asia,"Sat, 20 Nov 2021",Bangalore (BLR),New Delhi,20:50,13:00,7h 50m,1 Stop,"4,847"
219,IndiGo,"Sat, 20 Nov 2021",Bangalore (BLR),New Delhi,18:10,13:05,5h 05m,1 Stop,"4,883"
220,IndiGo,"Sat, 20 Nov 2021",Bangalore (BLR),New Delhi,18:10,09:20,8h 50m,1 Stop,"4,883"
221,Air India,"Sat, 20 Nov 2021",Bangalore (BLR),New Delhi,18:30,05:45,12h 45m,2 Stop(s),"5,011"
222,Air India,"Sat, 20 Nov 2021",Bangalore (BLR),New Delhi,12:15,06:45,5h 30m,1 Stop,"5,029"
223,Air India,"Sat, 20 Nov 2021",Bangalore (BLR),New Delhi,18:15,06:45,11h 30m,1 Stop,"5,029"
224,Air India,"Sat, 20 Nov 2021",Bangalore (BLR),New Delhi,"08:55
+ 1 day",18:50,14h 05m,1 Stop,"5,164"
225,Air India,"Sat, 20 Nov 2021",Bangalore (BLR),New Delhi,"08:55
+ 1 day",15:15,17h 40m,2 Stop(s),"5,164"
226,Air India,"Sat, 20 Nov 2021",Bangalore (BLR),New Delhi,"18:30
+ 1 day",18:50,23h 40m,1 Stop,"5,164"
227,Go First,"Sat, 20 Nov 2021",Bangalore (BLR),New Delhi,12:20,07:30,4h 50m,1 Stop,"5,176"
228,Air Asia,"Sat, 20 Nov 2021",Bangalore (BLR),New Delhi,20:10,13:00,7h 10m,1 Stop,"5,309"
229,Vistara,"Sat, 20 Nov 2021",Bangalore (BLR),New Delhi,"09:00
+ 1 day",19:25,13h 35m,1 Stop,"5,610"
230,Go First,"Sat, 20 Nov 2021",Bangalore (BLR),New Delhi,14:30,08:10,6h 20m,1 Stop,"5,626"
231,Air Asia,"Sat, 20 Nov 2021",Bangalore (BLR),New Delhi,12:00,05:40,6h 20m,1 Stop,"5,718"
232,Air Asia,"Sat, 20 Nov 2021",Bangalore (BLR),New Delhi,12:00,05:25,6h 35m,1 Stop,"5,718"
233,Go First,"Sat, 20 Nov 2021",Bangalore (BLR),New Delhi,14:30,05:45,8h 45m,1 Stop,"5,936"
234,Air India,"Sat, 20 Nov 2021",Bangalore (BLR),New Delhi,"23:25
+ 1 day",06:45,40h 40m,2 Stop(s),"5,978"
235,Go First,"Sat, 20 Nov 2021",Bangalore (BLR),New Delhi,23:30,18:50,4h 40m,1 Stop,"5,980"
236,IndiGo,"Sat, 20 Nov 2021",Bangalore (BLR),New Delhi,23:45,18:45,5h 00m,1 Stop,"5,998"
237,IndiGo,"Sat, 20 Nov 2021",Bangalore (BLR),New Delhi,23:45,16:20,7h 25m,1 Stop,"5,998"
238,Air India,"Sat, 20 Nov 2021",Bangalore (BLR),New Delhi,21:10,09:00,12h 10m,2 Stop(s),"6,132"
239,IndiGo,"Sat, 20 Nov 2021",Bangalore (BLR),New Delhi,"01:40
+ 1 day",18:40,7h 00m,1 Stop,"6,191"
240,IndiGo,"Sat, 20 Nov 2021",Bangalore (BLR),New Delhi,18:10,07:10,11h 00m,1 Stop,"6,221"
241,IndiGo,"Sat, 20 Nov 2021",Bangalore (BLR),New Delhi,18:10,10:15,7h 55m,1 Stop,"6,312"
242,IndiGo,"Sat, 20 Nov 2021",Bangalore (BLR),New Delhi,23:45,13:05,10h 40m,1 Stop,"6,312"
243,Air Asia,"Sat, 20 Nov 2021",Bangalore (BLR),New Delhi,"01:45
+ 1 day",20:45,5h 00m,1 Stop,"6,430"
244,IndiGo,"Sat, 20 Nov 2021",Bangalore (BLR),New Delhi,"00:45
+ 1 day",18:45,6h 00m,1 Stop,"6,523"
245,IndiGo,"Sat, 20 Nov 2021",Bangalore (BLR),New Delhi,"00:45
+ 1 day",16:20,8h 25m,1 Stop,"6,523"
246,IndiGo,"Sat, 20 Nov 2021",Bangalore (BLR),New Delhi,18:00,10:05,7h 55m,1 Stop,"6,543"
247,Go First,"Sat, 20 Nov 2021",Bangalore (BLR),New Delhi,12:10,05:45,6h 25m,1 Stop,"6,573"
248,Air Asia,"Sat, 20 Nov 2021",Bangalore (BLR),New Delhi,"02:10
+ 1 day",18:30,7h 40m,1 Stop,"6,625"
249,Go First,"Sat, 20 Nov 2021",Bangalore (BLR),New Delhi,18:00,11:45,6h 15m,1 Stop,"6,772"
250,Go First,"Sat, 20 Nov 2021",Bangalore (BLR),New Delhi,19:00,11:45,7h 15m,1 Stop,"6,772"
251,Go First,"Sat, 20 Nov 2021",Bangalore (BLR),New Delhi,15:40,08:10,7h 30m,1 Stop,"6,829"
252,Air India,"Sat, 20 Nov 2021",Bangalore (BLR),New Delhi,"00:30
+ 1 day",07:25,17h 05m,1 Stop,"7,110"
253,Go First,"Sat, 20 Nov 2021",Bangalore (BLR),New Delhi,15:30,09:15,6h 15m,1 Stop,"7,116"
254,Go First,"Sat, 20 Nov 2021",Bangalore (BLR),New Delhi,18:00,09:15,8h 45m,1 Stop,"7,116"
255,Air India,"Sat, 20 Nov 2021",Bangalore (BLR),New Delhi,23:45,05:45,18h 00m,2 Stop(s),"7,161"
256,Air India,"Sat, 20 Nov 2021",Bangalore (BLR),New Delhi,"16:00
+ 1 day",06:45,33h 15m,2 Stop(s),"7,396"
257,IndiGo,"Sat, 20 Nov 2021",Bangalore (BLR),New Delhi,16:10,06:55,9h 15m,1 Stop,"7,436"
258,SpiceJet,"Sat, 20 Nov 2021",Bangalore (BLR),New Delhi,22:10,05:55,16h 15m,1 Stop,"7,656"
259,SpiceJet,"Sat, 20 Nov 2021",Bangalore (BLR),New Delhi,"01:00
+ 1 day",05:55,19h 05m,1 Stop,"7,656"
260,IndiGo,"Sat, 20 Nov 2021",Bangalore (BLR),New Delhi,11:55,06:10,5h 45m,1 Stop,"7,678"
261,Air India,"Sat, 20 Nov 2021",Bangalore (BLR),New Delhi,"16:00
+ 1 day",06:45,33h 15m,2 Stop(s),"7,816"
262,Air Asia,"Sat, 20 Nov 2021",Bangalore (BLR),New Delhi,19:20,11:45,7h 35m,1 Stop,"7,986"
263,SpiceJet,"Sat, 20 Nov 2021",Bangalore (BLR),New Delhi,22:35,15:05,7h 30m,1 Stop,"8,012"
264,SpiceJet,"Sat, 20 Nov 2021",Bangalore (BLR),New Delhi,14:25,06:05,8h 20m,1 Stop,"8,032"
265,SpiceJet,"Sat, 20 Nov 2021",Bangalore (BLR),New Delhi,18:00,06:05,11h 55m,1 Stop,"8,032"
266,Air Asia,"Sat, 20 Nov 2021",Bangalore (BLR),New Delhi,14:00,07:05,6h 55m,1 Stop,"8,059"
267,SpiceJet,"Sat, 20 Nov 2021",Bangalore (BLR),New Delhi,14:40,05:55,8h 45m,1 Stop,"8,076"
268,SpiceJet,"Sat, 20 Nov 2021",Bangalore (BLR),New Delhi,17:45,05:55,11h 50m,1 Stop,"8,076"
269,Vistara,"Sat, 20 Nov 2021",Bangalore (BLR),New Delhi,"00:55
+ 1 day",19:55,5h 00m,1 Stop,"8,145"
270,Vistara,"Sat, 20 Nov 2021",Bangalore (BLR),New Delhi,14:05,06:40,7h 25m,1 Stop,"8,145"
271,Vistara,"Sat, 20 Nov 2021",Bangalore (BLR),New Delhi,16:55,06:40,10h 15m,1 Stop,"8,145"
272,Vistara,"Sat, 20 Nov 2021",Bangalore (BLR),New Delhi,"08:35
+ 1 day",21:40,10h 55m,1 Stop,"8,145"
273,Air Asia,"Sat, 20 Nov 2021",Bangalore (BLR),New Delhi,"00:35
+ 1 day",17:30,7h 05m,1 Stop,"8,169"
274,Vistara,"Sat, 20 Nov 2021",Bangalore (BLR),New Delhi,12:40,06:40,6h 00m,1 Stop,"8,250"
275,Vistara,"Sat, 20 Nov 2021",Bangalore (BLR),New Delhi,16:30,06:40,9h 50m,2 Stop(s),"8,559"
276,Vistara,"Sat, 20 Nov 2021",Bangalore (BLR),New Delhi,"19:55
+ 1 day",21:40,22h 15m,2 Stop(s),"8,559"
277,Vistara,"Sat, 20 Nov 2021",Bangalore (BLR),New Delhi,"19:55
+ 1 day",19:55,24h 00m,2 Stop(s),"8,559"
278,SpiceJet,"Sat, 20 Nov 2021",Bangalore (BLR),New Delhi,"15:20
+ 1 day",14:25,24h 55m,1 Stop,"8,642"
279,IndiGo,"Sat, 20 Nov 2021",Bangalore (BLR),New Delhi,11:55,07:10,4h 45m,1 Stop,"8,696"
280,IndiGo,"Sat, 20 Nov 2021",Bangalore (BLR),New Delhi,17:35,09:50,7h 45m,1 Stop,"8,735"
281,Air Asia,"Sat, 20 Nov 2021",Bangalore (BLR),New Delhi,16:15,09:05,7h 10m,1 Stop,"8,754"
282,Vistara,"Sat, 20 Nov 2021",Bangalore (BLR),New Delhi,19:55,06:40,13h 15m,2 Stop(s),"8,762"
283,Vistara,"Sat, 20 Nov 2021",Bangalore (BLR),New Delhi,23:00,18:25,4h 35m,1 Stop,"8,781"
284,Vistara,"Sat, 20 Nov 2021",Bangalore (BLR),New Delhi,14:05,08:30,5h 35m,1 Stop,"8,781"
285,Vistara,"Sat, 20 Nov 2021",Bangalore (BLR),New Delhi,"00:10
+ 1 day",18:25,5h 45m,1 Stop,"8,781"
286,Vistara,"Sat, 20 Nov 2021",Bangalore (BLR),New Delhi,"00:55
+ 1 day",18:25,6h 30m,1 Stop,"8,781"
287,Vistara,"Sat, 20 Nov 2021",Bangalore (BLR),New Delhi,16:55,09:30,7h 25m,1 Stop,"8,781"
288,Vistara,"Sat, 20 Nov 2021",Bangalore (BLR),New Delhi,16:55,08:30,8h 25m,1 Stop,"8,781"
289,Vistara,"Sat, 20 Nov 2021",Bangalore (BLR),New Delhi,18:05,09:30,8h 35m,1 Stop,"8,781"
290,Vistara,"Sat, 20 Nov 2021",Bangalore (BLR),New Delhi,18:05,08:30,9h 35m,1 Stop,"8,781"
291,Vistara,"Sat, 20 Nov 2021",Bangalore (BLR),New Delhi,19:40,09:30,10h 10m,1 Stop,"8,781"
292,Vistara,"Sat, 20 Nov 2021",Bangalore (BLR),New Delhi,19:40,08:30,11h 10m,1 Stop,"8,781"
293,Vistara,"Sat, 20 Nov 2021",Bangalore (BLR),New Delhi,20:40,09:30,11h 10m,1 Stop,"8,781"
294,Go First,"Sat, 20 Nov 2021",Bangalore (BLR),New Delhi,13:10,07:00,6h 10m,1 Stop,"9,091"
295,Vistara,"Sat, 20 Nov 2021",Bangalore (BLR),New Delhi,"19:55
+ 1 day",18:25,25h 30m,2 Stop(s),"9,194"
296,Vistara,"Sat, 20 Nov 2021",Bangalore (BLR),New Delhi,22:20,07:15,15h 05m,1 Stop,"9,347"
297,IndiGo,"Sat, 20 Nov 2021",Bangalore (BLR),New Delhi,20:25,15:20,5h 05m,1 Stop,"9,407"
298,IndiGo,"Sat, 20 Nov 2021",Bangalore (BLR),New Delhi,22:35,15:20,7h 15m,1 Stop,"9,407"
299,Air India,"Sat, 20 Nov 2021",Bangalore (BLR),New Delhi,22:45,05:45,17h 00m,1 Stop,"9,724"
300,Air India,"Sat, 20 Nov 2021",Bangalore (BLR),New Delhi,"09:15
+ 1 day",05:45,27h 30m,1 Stop,"9,724"
301,IndiGo,"Sat, 20 Nov 2021",Bangalore (BLR),New Delhi,16:00,09:05,6h 55m,1 Stop,"9,858"
302,Go First,"Sat, 20 Nov 2021",Bangalore (BLR),New Delhi,21:45,16:10,5h 35m,1 Stop,"10,049"
303,SpiceJet,"Sat, 20 Nov 2021",Bangalore (BLR),New Delhi,"11:20
+ 1 day",15:05,20h 15m,1 Stop,"10,112"
304,Air India,"Sat, 20 Nov 2021",Bangalore (BLR),New Delhi,12:55,05:45,7h 10m,1 Stop,"10,144"
305,Air India,"Sat, 20 Nov 2021",Bangalore (BLR),New Delhi,23:45,06:45,17h 00m,2 Stop(s),"10,510"
306,Go First,"Sat, 20 Nov 2021",Bangalore (BLR),New Delhi,21:00,16:10,4h 50m,1 Stop,"10,680"
307,Vistara,"Sat, 20 Nov 2021",Bangalore (BLR),New Delhi,16:30,10:15,6h 15m,1 Stop,"11,271"
308,Vistara,"Sat, 20 Nov 2021",Bangalore (BLR),New Delhi,16:55,11:30,5h 25m,1 Stop,"11,322"
309,Vistara,"Sat, 20 Nov 2021",Bangalore (BLR),New Delhi,18:05,11:30,6h 35m,1 Stop,"11,322"
310,Vistara,"Sat, 20 Nov 2021",Bangalore (BLR),New Delhi,19:40,11:30,8h 10m,1 Stop,"11,322"
311,Vistara,"Sat, 20 Nov 2021",Bangalore (BLR),New Delhi,20:40,11:30,9h 10m,1 Stop,"11,322"
312,Vistara,"Sat, 20 Nov 2021",Bangalore (BLR),New Delhi,21:55,11:30,10h 25m,1 Stop,"11,322"
313,Vistara,"Sat, 20 Nov 2021",Bangalore (BLR),New Delhi,19:55,10:15,9h 40m,1 Stop,"11,474"
314,Vistara,"Sat, 20 Nov 2021",Bangalore (BLR),New Delhi,"19:55
+ 1 day",11:30,32h 25m,2 Stop(s),"11,515"
315,Go First,"Sat, 20 Nov 2021",Bangalore (BLR),New Delhi,20:20,15:45,4h 35m,1 Stop,"11,600"
316,Vistara,"Sat, 20 Nov 2021",Bangalore (BLR),New Delhi,20:40,13:50,6h 50m,1 Stop,"11,626"
317,IndiGo,"Sat, 20 Nov 2021",Bangalore (BLR),New Delhi,"09:15
+ 1 day",23:45,9h 30m,1 Stop,"11,983"
318,IndiGo,"Sat, 20 Nov 2021",Bangalore (BLR),New Delhi,"09:15
+ 1 day",21:55,11h 20m,1 Stop,"11,983"
319,Vistara,"Sat, 20 Nov 2021",Bangalore (BLR),New Delhi,17:05,12:20,4h 45m,1 Stop,"12,078"
320,IndiGo,"Sat, 20 Nov 2021",Bangalore (BLR),New Delhi,15:20,08:55,6h 25m,1 Stop,"13,526"
